,update_mode,utility,seed,human_seed,init_time,update_time,duration,utility_max,utility_scaled
0,keep_knowledge,0.10000002,1111,100,6,56,100,0.0983331799999999,1.0169509416862152
1,keep_knowledge,0.09833332,2222,100,6,56,100,0.1449999799999999,0.6781609211256449
2,keep_knowledge,0.1033333399999999,4444,100,6,56,100,0.1116665599999999,0.9253740779692684
3,keep_knowledge,0.07499998,5555,100,6,56,100,0.16000002,0.46874981640627295
4,keep_knowledge,0.04999992,6666,100,6,56,100,0.1566666199999999,0.31914852059743193
5,keep_knowledge,0.1166665599999999,7777,100,6,56,100,0.14000004,0.8333323333336184
6,keep_knowledge,0.06833328,8888,100,6,56,100,0.19499998,0.35042711286431927
7,keep_knowledge,0.04333324,9999,100,6,56,100,0.1249999199999999,0.3466661418663311
8,keep_knowledge,0.11666666,12345,100,6,56,100,0.1383332799999999,0.8433737709392859
9,keep_knowledge,0.06833326,67890,100,6,56,100,0.1099999799999999,0.6212115674930129
10,clear_knowledge,0.04166658,1111,100,6,56,100,0.0983331799999999,0.42372859293272164
11,clear_knowledge,0.1616665999999999,2222,100,6,56,100,0.1449999799999999,1.1149422227506516
12,clear_knowledge,0.1366665999999999,4444,100,6,56,100,0.1116665599999999,1.2238811690805198
13,clear_knowledge,0.17833336,5555,100,6,56,100,0.16000002,1.1145833606770799
14,clear_knowledge,0.06333326,6666,100,6,56,100,0.1566666199999999,0.40425497148020456
15,clear_knowledge,0.1366665999999999,7777,100,6,56,100,0.14000004,0.9761897210886503
16,clear_knowledge,0.0616666,8888,100,6,56,100,0.19499998,0.31623900679374434
17,clear_knowledge,0.0666666799999999,9999,100,6,56,100,0.1249999199999999,0.5333337813336196
18,clear_knowledge,0.1616665599999999,12345,100,6,56,100,0.1383332799999999,1.1686743782840978
19,clear_knowledge,0.0716666,67890,100,6,56,100,0.1099999799999999,0.6515146639117576
20,xxx,0.04833322,1111,100,6,56,100,0.0983331799999999,0.49152503763226263
21,xxx,0.17999998,2222,100,6,56,100,0.1449999799999999,1.2413793436385312
22,xxx,0.1683333,4444,100,6,56,100,0.1116665599999999,1.5074638280251504
23,xxx,0.1633333399999999,5555,100,6,56,100,0.16000002,1.0208332473958435
24,xxx,0.07833324,6666,100,6,56,100,0.1566666199999999,0.4999995531913566
25,xxx,0.15666668,7777,100,6,56,100,0.14000004,1.1190473945578874
26,xxx,0.06333326,8888,100,6,56,100,0.19499998,0.3247859820293315
27,xxx,0.0666666,9999,100,6,56,100,0.1249999199999999,0.533333141333211
28,xxx,0.1099998999999999,12345,100,6,56,100,0.1383332799999999,0.7951803065755398
29,xxx,0.07666658,67890,100,6,56,100,0.1099999799999999,0.6969690358125525
30,keep_knowledge,0.0849999,1111,100,44,94,100,0.11499994,0.7391299508504092
31,keep_knowledge,0.09166656,2222,100,44,94,100,0.07833328,1.170212200995541
32,keep_knowledge,0.08833324,4444,100,44,94,100,0.11999996,0.7361105787035261
33,keep_knowledge,0.09333324,5555,100,44,94,100,0.1283333599999999,0.7272718488785774
34,keep_knowledge,0.09499994,6666,100,44,94,100,0.11166656,0.8507465439966988
35,keep_knowledge,0.07499998,7777,100,44,94,100,0.08333332,0.8999999039999845
36,keep_knowledge,0.06666662,8888,100,44,94,100,0.13499992,0.4938271074531007
37,keep_knowledge,0.09166658,9999,100,44,94,100,0.11333332,0.8088228598615129
38,keep_knowledge,0.09333324,12345,100,44,94,100,0.06333324,1.4736849085882864
39,keep_knowledge,0.08166662,67890,100,44,94,100,0.12333334,0.6621617479912568
40,clear_knowledge,0.0733332,1111,100,44,94,100,0.11499994,0.6376803327027823
41,clear_knowledge,0.09166656,2222,100,44,94,100,0.07833328,1.170212200995541
42,clear_knowledge,0.08833324,4444,100,44,94,100,0.11999996,0.7361105787035261
43,clear_knowledge,0.07833328,5555,100,44,94,100,0.1283333599999999,0.6103890679711033
44,clear_knowledge,0.09499994,6666,100,44,94,100,0.11166656,0.8507465439966988
45,clear_knowledge,0.07499998,7777,100,44,94,100,0.08333332,0.8999999039999845
46,clear_knowledge,0.07833322,8888,100,44,94,100,0.13499992,0.5802464179238032
47,clear_knowledge,0.09166658,9999,100,44,94,100,0.11333332,0.8088228598615129
48,clear_knowledge,0.08999994,12345,100,44,94,100,0.06333324,1.4210537783950419
49,clear_knowledge,0.08166662,67890,100,44,94,100,0.12333334,0.6621617479912568
50,xxx,0.07166654,1111,100,44,94,100,0.11499994,0.623187629489198
51,xxx,0.11166662,2222,100,44,94,100,0.07833328,1.425532289724112
52,xxx,0.08833324,4444,100,44,94,100,0.11999996,0.7361105787035261
53,xxx,0.07833328,5555,100,44,94,100,0.1283333599999999,0.6103890679711033
54,xxx,0.09499994,6666,100,44,94,100,0.11166656,0.8507465439966988
55,xxx,0.07499998,7777,100,44,94,100,0.08333332,0.8999999039999845
56,xxx,0.09166664,8888,100,44,94,100,0.13499992,0.6790125505259559
57,xxx,0.09166658,9999,100,44,94,100,0.11333332,0.8088228598615129
58,xxx,0.0816666,12345,100,44,94,100,0.06333324,1.289474531857205
59,xxx,0.08166662,67890,100,44,94,100,0.12333334,0.6621617479912568
60,keep_knowledge,0.03333326,1111,100,94,144,100,0.03833324,0.8695654215505918
61,keep_knowledge,0.03333322,2222,100,94,144,100,0.0649999,0.5128195581839357
62,keep_knowledge,0.06499984,4444,100,94,144,100,0.06166658,1.05405294083116
63,keep_knowledge,0.0516666,5555,100,94,144,100,0.07666654,0.6739132873349964
64,keep_knowledge,0.04833326,6666,100,94,144,100,0.06999992,0.6904759319724938
65,keep_knowledge,0.04333326,7777,100,94,144,100,0.02499994,1.7333345600029442
66,keep_knowledge,0.04666658,8888,100,94,144,100,0.07999996,0.5833325416662709
67,keep_knowledge,0.03666656,9999,100,94,144,100,0.07499984,0.4888885096288206
68,keep_knowledge,0.0433332,12345,100,94,144,100,0.06666652,0.6499994299987459
69,keep_knowledge,0.0299999,67890,100,94,144,100,0.05999992,0.49999899999866665
70,clear_knowledge,0.06833328,1111,100,94,144,100,0.03833324,1.7826116446196565
71,clear_knowledge,0.04666656,2222,100,94,144,100,0.0649999,0.7179481814587407
72,clear_knowledge,0.0516665,4444,100,94,144,100,0.06166658,0.8378363126348177
73,clear_knowledge,0.04833326,5555,100,94,144,100,0.07666654,0.6304348676749988
74,clear_knowledge,0.04333322,6666,100,94,144,100,0.06999992,0.6190467074819515
75,clear_knowledge,0.04833324,7777,100,94,144,100,0.02499994,1.933334240002176
76,clear_knowledge,0.06999992,8888,100,94,144,100,0.07999996,0.8749994374997188
77,clear_knowledge,0.0483333,9999,100,94,144,100,0.07499984,0.6444453748167996
78,clear_knowledge,0.0683332,12345,100,94,144,100,0.06666652,1.0250002550005608
79,clear_knowledge,0.03166658,67890,100,94,144,100,0.05999992,0.5277770370360494
80,xxx,0.04333328,1111,100,94,144,100,0.03833324,1.1304361436706107
81,xxx,0.03333328,2222,100,94,144,100,0.0649999,0.5128204812622789
82,xxx,0.0583332,4444,100,94,144,100,0.06166658,0.9459451132201592
83,xxx,0.03166662,5555,100,94,144,100,0.07666654,0.4130435519849989
84,xxx,0.04999994,6666,100,94,144,100,0.06999992,0.7142856734693411
85,xxx,0.02499994,7777,100,94,144,100,0.02499994,1.0
86,xxx,0.0199999599999999,8888,100,94,144,100,0.07999996,0.24999962499981127
87,xxx,0.05166654,9999,100,94,144,100,0.07499984,0.6888886696291618
88,xxx,0.0649999,12345,100,94,144,100,0.06666652,0.9750006450014189
89,xxx,0.0299999,67890,100,94,144,100,0.05999992,0.49999899999866665
90,keep_knowledge,0.04499988,1111,100,99,149,100,0.0533332,0.8437498593746484
91,keep_knowledge,0.03166658,2222,100,99,149,100,0.06666654,0.4749996024992448
92,keep_knowledge,0.0566665,4444,100,99,149,100,0.04166662,1.3599975231972259
93,keep_knowledge,0.04333326,5555,100,99,149,100,0.06666658,0.6499997449996684
94,keep_knowledge,0.04333322,6666,100,99,149,100,0.06833326,0.6341453634730729
95,keep_knowledge,0.02333326,7777,100,99,149,100,0.05166656,0.45161241623208515
96,keep_knowledge,0.02166658,8888,100,99,149,100,0.0499999,0.43333246666493336
97,keep_knowledge,0.0566665,9999,100,99,149,100,0.0683332,0.8292674717414084
98,keep_knowledge,0.07166654,12345,100,99,149,100,0.06499988,1.1025641893492728
99,keep_knowledge,0.04666654,67890,100,99,149,100,0.05499992,0.8484837796127703
100,clear_knowledge,0.03666654,1111,100,99,149,100,0.0533332,0.6874993437483593
101,clear_knowledge,0.0399999,2222,100,99,149,100,0.06666654,0.599999639999316
102,clear_knowledge,0.06166648,4444,100,99,149,100,0.04166662,1.479997177596839
103,clear_knowledge,0.05333322,5555,100,99,149,100,0.06666658,0.799999339999142
104,clear_knowledge,0.05833326,6666,100,99,149,100,0.06833326,0.8536583795358218
105,clear_knowledge,0.0183333,7777,100,99,149,100,0.05166656,0.3548387970865488
106,clear_knowledge,0.03666658,8888,100,99,149,100,0.0499999,0.7333330666661333
107,clear_knowledge,0.06666648,9999,100,99,149,100,0.0683332,0.9756089280174206
108,clear_knowledge,0.07166654,12345,100,99,149,100,0.06499988,1.1025641893492728
109,clear_knowledge,0.04333322,67890,100,99,149,100,0.05499992,0.7878778732769065
110,xxx,0.02833324,1111,100,99,149,100,0.0533332,0.5312495781239454
111,xxx,0.03833326,2222,100,99,149,100,0.06666654,0.5749999924999858
112,xxx,0.0566665,4444,100,99,149,100,0.04166662,1.3599975231972259
113,xxx,0.04333326,5555,100,99,149,100,0.06666658,0.6499997449996684
114,xxx,0.05499994,6666,100,99,149,100,0.06833326,0.8048780345032565
115,xxx,0.0183333,7777,100,99,149,100,0.05166656,0.3548387970865488
116,xxx,0.0216666,8888,100,99,149,100,0.0499999,0.43333286666573334
117,xxx,0.0566665,9999,100,99,149,100,0.0683332,0.8292674717414084
118,xxx,0.07166654,12345,100,99,149,100,0.06499988,1.1025641893492728
119,xxx,0.03499986,67890,100,99,149,100,0.05499992,0.6363620165265695
120,keep_knowledge,0.02833324,1111,100,104,154,100,0.0933332599999999,0.30357066709123876
121,keep_knowledge,0.04333328,2222,100,104,154,100,0.0783333,0.5531910439110825
122,keep_knowledge,0.05999984,4444,100,104,154,100,0.05999992,0.9999986666648889
123,keep_knowledge,0.02666658,5555,100,104,154,100,0.06333324,0.42105188365540747
124,keep_knowledge,0.05166658,6666,100,104,154,100,0.0966666,0.5344822306774004
125,keep_knowledge,0.01666662,7777,100,104,154,100,0.06499986,0.25641009072942617
126,keep_knowledge,0.02499994,8888,100,104,154,100,0.06166658,0.4054050021908139
127,keep_knowledge,0.04666656,9999,100,104,154,100,0.05999996,0.777776518517679
128,keep_knowledge,0.06666652,12345,100,104,154,100,0.07499986,0.8888885925920396
129,keep_knowledge,0.02999992,67890,100,104,154,100,0.06166662,0.48648555734042176
130,clear_knowledge,0.02666658,1111,100,104,154,100,0.0933332599999999,0.28571358163210014
131,clear_knowledge,0.04333328,2222,100,104,154,100,0.0783333,0.5531910439110825
132,clear_knowledge,0.04333318,4444,100,104,154,100,0.05999992,0.7222206296275062
133,clear_knowledge,0.02333324,5555,100,104,154,100,0.06333324,0.3684201218822849
134,clear_knowledge,0.05166658,6666,100,104,154,100,0.0966666,0.5344822306774004
135,clear_knowledge,0.0183332799999999,7777,100,104,154,100,0.06499986,0.2820510690330702
136,clear_knowledge,0.0266666,8888,100,104,154,100,0.06166658,0.43243195909356413
137,clear_knowledge,0.0449999,9999,100,104,154,100,0.05999996,0.7499988333325556
138,clear_knowledge,0.06833318,12345,100,104,154,100,0.07499986,0.9111107674067657
139,clear_knowledge,0.03333324,67890,100,104,154,100,0.06166662,0.5405394360838975
140,xxx,0.02833324,1111,100,104,154,100,0.0933332599999999,0.30357066709123876
141,xxx,0.04333328,2222,100,104,154,100,0.0783333,0.5531910439110825
142,xxx,0.05999984,4444,100,104,154,100,0.05999992,0.9999986666648889
143,xxx,0.02666658,5555,100,104,154,100,0.06333324,0.42105188365540747
144,xxx,0.05166658,6666,100,104,154,100,0.0966666,0.5344822306774004
145,xxx,0.01666662,7777,100,104,154,100,0.06499986,0.25641009072942617
146,xxx,0.02499994,8888,100,104,154,100,0.06166658,0.4054050021908139
147,xxx,0.04666656,9999,100,104,154,100,0.05999996,0.777776518517679
148,xxx,0.06666652,12345,100,104,154,100,0.07499986,0.8888885925920396
149,xxx,0.02999992,67890,100,104,154,100,0.06166662,0.48648555734042176
150,keep_knowledge,0.04166658,1111,100,159,209,100,0.05999994,0.6944436944436945
151,keep_knowledge,0.03499996,2222,100,159,209,100,0.0449999399999999,0.7777779259261252
152,keep_knowledge,0.04499996,4444,100,159,209,100,0.05666662,0.7941175951556666
153,keep_knowledge,0.03833332,5555,100,159,209,100,0.04999996,0.7666670133336105
154,keep_knowledge,0.04833322,6666,100,159,209,100,0.06999992,0.6904753605432693
155,keep_knowledge,0.03833326,7777,100,159,209,100,0.06833328,0.5609749744194923
156,keep_knowledge,0.02999996,8888,100,159,209,100,0.03833328,0.7826087410208571
157,keep_knowledge,0.03499996,9999,100,159,209,100,0.0483333,0.7241376028535191
158,keep_knowledge,0.04166656,12345,100,159,209,100,0.07999992,0.5208325208325209
159,keep_knowledge,0.04166662,67890,100,159,209,100,0.05999986,0.6944452870390031
160,clear_knowledge,0.0399999,1111,100,159,209,100,0.05999994,0.6666656666656666
161,clear_knowledge,0.06166662,2222,100,159,209,100,0.0449999399999999,1.3703711604948838
162,clear_knowledge,0.04499994,4444,100,159,209,100,0.05666662,0.7941172422141995
163,clear_knowledge,0.03833332,5555,100,159,209,100,0.04999996,0.7666670133336105
164,clear_knowledge,0.0499999,6666,100,159,209,100,0.06999992,0.7142851020401166
165,clear_knowledge,0.03333328,7777,100,159,209,100,0.06833328,0.4878044782864221
166,clear_knowledge,0.0316666,8888,100,159,209,100,0.03833328,0.8260863667288582
167,clear_knowledge,0.04666658,9999,100,159,209,100,0.0483333,0.9655161141490441
168,clear_knowledge,0.0399999,12345,100,159,209,100,0.07999992,0.49999924999924994
169,clear_knowledge,0.03833326,67890,100,159,209,100,0.05999986,0.638889157408034
170,xxx,0.03833326,1111,100,159,209,100,0.05999994,0.6388883055549722
171,xxx,0.03499996,2222,100,159,209,100,0.0449999399999999,0.7777779259261252
172,xxx,0.04499996,4444,100,159,209,100,0.05666662,0.7941175951556666
173,xxx,0.03833332,5555,100,159,209,100,0.04999996,0.7666670133336105
174,xxx,0.04833324,6666,100,159,209,100,0.06999992,0.6904756462578815
175,xxx,0.03499992,7777,100,159,209,100,0.06833328,0.5121943509809569
176,xxx,0.02999996,8888,100,159,209,100,0.03833328,0.7826087410208571
177,xxx,0.03499996,9999,100,159,209,100,0.0483333,0.7241376028535191
178,xxx,0.04166656,12345,100,159,209,100,0.07999992,0.5208325208325209
179,xxx,0.04333328,67890,100,159,209,100,0.05999986,0.7222230185203765
180,keep_knowledge,0.03999994,1111,100,163,213,100,0.05833328,0.6857138840812654
181,keep_knowledge,0.04333328,2222,100,163,213,100,0.0416666,1.0400003840006145
182,keep_knowledge,0.04666662,4444,100,163,213,100,0.07666654,0.6086960491499942
183,keep_knowledge,0.04333328,5555,100,163,213,100,0.05666662,0.7647055709339996
184,keep_knowledge,0.04666656,6666,100,163,213,100,0.07166656,0.6511622714973343
185,keep_knowledge,0.03999994,7777,100,163,213,100,0.06833328,0.5853654324803376
186,keep_knowledge,0.03999996,8888,100,163,213,100,0.05666654,0.705883224915444
187,keep_knowledge,0.03999996,9999,100,163,213,100,0.0583333,0.6857139918365668
188,keep_knowledge,0.05166656,12345,100,163,213,100,0.0799999,0.6458328072910091
189,keep_knowledge,0.03499996,67890,100,163,213,100,0.05333326,0.6562501523439594
190,clear_knowledge,0.04499994,1111,100,163,213,100,0.05833328,0.7714282481629697
191,clear_knowledge,0.03833326,2222,100,163,213,100,0.0416666,0.9199997119995392
192,clear_knowledge,0.04666662,4444,100,163,213,100,0.07666654,0.6086960491499942
193,clear_knowledge,0.03999994,5555,100,163,213,100,0.05666662,0.7058818754321327
194,clear_knowledge,0.05166658,6666,100,163,213,100,0.07166656,0.7209300962680502
195,clear_knowledge,0.03166662,7777,100,163,213,100,0.06833328,0.46341431290873203
196,clear_knowledge,0.03833324,8888,100,163,213,100,0.05666654,0.6764704532868955
197,clear_knowledge,0.05499998,9999,100,163,213,100,0.0583333,0.9428573387756222
198,clear_knowledge,0.0533332,12345,100,163,213,100,0.0799999,0.6666658333322917
199,clear_knowledge,0.03166662,67890,100,163,213,100,0.05333326,0.5937499414061694
200,xxx,0.03833328,1111,100,163,213,100,0.05833328,0.6571425436731827
201,xxx,0.04333328,2222,100,163,213,100,0.0416666,1.0400003840006145
202,xxx,0.04666662,4444,100,163,213,100,0.07666654,0.6086960491499942
203,xxx,0.04333328,5555,100,163,213,100,0.05666662,0.7647055709339996
204,xxx,0.04666656,6666,100,163,213,100,0.07166656,0.6511622714973343
205,xxx,0.03999994,7777,100,163,213,100,0.06833328,0.5853654324803376
206,xxx,0.03833328,8888,100,163,213,100,0.05666654,0.6764711591708263
207,xxx,0.03999996,9999,100,163,213,100,0.0583333,0.6857139918365668
208,xxx,0.05166656,12345,100,163,213,100,0.0799999,0.6458328072910091
209,xxx,0.03499996,67890,100,163,213,100,0.05333326,0.6562501523439594
210,keep_knowledge,0.12999998,1111,100,220,270,100,0.2216665999999999,0.5864662515687976
211,keep_knowledge,0.1816666399999999,2222,100,220,270,100,0.2133332799999999,0.8515625878906469
212,keep_knowledge,0.1466666199999999,4444,100,220,270,100,0.2016665599999998,0.7272728805410279
213,keep_knowledge,0.1249999399999999,5555,100,220,270,100,0.1816665799999999,0.6880733924753797
214,keep_knowledge,0.1199999399999999,6666,100,220,270,100,0.2749999399999999,0.43636351338840274
215,keep_knowledge,0.1283331999999999,7777,100,220,270,100,0.2299998999999999,0.5579706773785552
216,keep_knowledge,0.1166665399999999,8888,100,220,270,100,0.1916666399999999,0.6086950759923583
217,keep_knowledge,0.1449999599999999,9999,100,220,270,100,0.1933332599999999,0.7500000775862362
218,keep_knowledge,0.1316665799999999,12345,100,220,270,100,0.1983332599999999,0.6638653547065175
219,keep_knowledge,0.1016665199999999,67890,100,220,270,100,0.1816665599999999,0.5596325487750743
220,clear_knowledge,0.09666656,1111,100,220,270,100,0.2216665999999999,0.43608987551575223
221,clear_knowledge,0.15833334,2222,100,220,270,100,0.2133332799999999,0.7421877167969295
222,clear_knowledge,0.1399999599999999,4444,100,220,270,100,0.2016665599999998,0.6942150448740735
223,clear_knowledge,0.0949999399999999,5555,100,220,270,100,0.1816665799999999,0.5229356990151955
224,clear_knowledge,0.14999996,6666,100,220,270,100,0.2749999399999999,0.5454545190082589
225,clear_knowledge,0.17,7777,100,220,270,100,0.2299998999999999,0.7391307561438074
226,clear_knowledge,0.10166656,8888,100,220,270,100,0.1916666399999999,0.5304342998865116
227,clear_knowledge,0.1166665799999999,9999,100,220,270,100,0.1933332599999999,0.6034480564802971
228,clear_knowledge,0.10666662,12345,100,220,270,100,0.1983332599999999,0.5378150896123023
229,clear_knowledge,0.1049999199999999,67890,100,220,270,100,0.1816665599999999,0.5779815503744881
230,xxx,0.1216665999999999,1111,100,220,270,100,0.2216665999999999,0.5488720447735471
231,xxx,0.1349999999999999,2222,100,220,270,100,0.2133332799999999,0.6328126582031643
232,xxx,0.1166666799999999,4444,100,220,270,100,0.2016665599999998,0.5785127688001422
233,xxx,0.08833324,5555,100,220,270,100,0.1816665799999999,0.4862382503154958
234,xxx,0.0949999199999999,6666,100,220,270,100,0.2749999399999999,0.3454543299173081
235,xxx,0.0916665799999999,7777,100,220,270,100,0.2299998999999999,0.398550521108922
236,xxx,0.07166652,8888,100,220,270,100,0.1916666399999999,0.37391233028345483
237,xxx,0.10833334,9999,100,220,270,100,0.1933332599999999,0.5603450746136492
238,xxx,0.0883333,12345,100,220,270,100,0.1983332599999999,0.44537814787091207
239,xxx,0.1016665199999999,67890,100,220,270,100,0.1816665599999999,0.5596325487750743
240,keep_knowledge,0.15,1111,100,225,275,100,0.1749998799999998,0.8571434448983631
241,keep_knowledge,0.1449999399999999,2222,100,225,275,100,0.1633332399999999,0.8877552419825873
242,keep_knowledge,0.0983332599999999,4444,100,225,275,100,0.1616665599999999,0.6082473703900173
243,keep_knowledge,0.0983332599999999,5555,100,225,275,100,0.1783332399999999,0.5514017465280167
244,keep_knowledge,0.09666662,6666,100,225,275,100,0.1633332999999999,0.5918365697625656
245,keep_knowledge,0.1050000199999999,7777,100,225,275,100,0.2116665999999999,0.49606324285456443
246,keep_knowledge,0.13333326,8888,100,225,275,100,0.15333328,0.8695650415878406
247,keep_knowledge,0.09833332,9999,100,225,275,100,0.1549999199999999,0.6344088435658551
248,keep_knowledge,0.0933332,12345,100,225,275,100,0.1683332599999999,0.5544548950100536
249,keep_knowledge,0.11166662,67890,100,225,275,100,0.1349998999999999,0.8271607608598235
250,clear_knowledge,0.14166664,1111,100,225,275,100,0.1749998799999998,0.8095242122451751
251,clear_knowledge,0.11666656,2222,100,225,275,100,0.1633332399999999,0.7142854693876156
252,clear_knowledge,0.1199998599999999,4444,100,225,275,100,0.1616665599999999,0.7422676650013458
253,clear_knowledge,0.09833318,5555,100,225,275,100,0.1783332399999999,0.5514012979296516
254,clear_knowledge,0.1049999,6666,100,225,275,100,0.1633332999999999,0.6428566618074824
255,clear_knowledge,0.11999994,7777,100,225,275,100,0.2116665999999999,0.5669290289540251
256,clear_knowledge,0.1133332999999999,8888,100,225,275,100,0.15333328,0.7391304744801644
257,clear_knowledge,0.07499992,9999,100,225,275,100,0.1549999199999999,0.48387070135262034
258,clear_knowledge,0.09499994,12345,100,225,275,100,0.1683332599999999,0.5643563250661222
259,clear_knowledge,0.07666658,67890,100,225,275,100,0.1349998999999999,0.5679010132600103
260,xxx,0.1166666399999999,1111,100,225,275,100,0.1749998799999998,0.6666669714287806
261,xxx,0.08833326,2222,100,225,275,100,0.1633332399999999,0.5408161865888416
262,xxx,0.0983332599999999,4444,100,225,275,100,0.1616665599999999,0.6082473703900173
263,xxx,0.06666658,5555,100,225,275,100,0.1783332399999999,0.3738314853697496
264,xxx,0.06833322,6666,100,225,275,100,0.1633332999999999,0.41836673844219174
265,xxx,0.08166658,7777,100,225,275,100,0.2116665999999999,0.38582648372487693
266,xxx,0.05833328,8888,100,225,275,100,0.15333328,0.38043456710767554
267,xxx,0.07999998,9999,100,225,275,100,0.1549999199999999,0.5161291696150556
268,xxx,0.09666656,12345,100,225,275,100,0.1683332599999999,0.574257042250593
269,xxx,0.08166658,67890,100,225,275,100,0.1349998999999999,0.6049380777319099
270,keep_knowledge,0.07833326,1111,100,270,320,100,0.09666658,0.8103447954815408
271,keep_knowledge,0.05166654,2222,100,270,320,100,0.1516665399999999,0.3406587900007479
272,keep_knowledge,0.04333324,4444,100,270,320,100,0.1733332999999999,0.24999950961529044
273,keep_knowledge,0.0599999,5555,100,270,320,100,0.13666662,0.43902380844715416
274,keep_knowledge,0.07499996,6666,100,270,320,100,0.10166656,0.7377052985760509
275,keep_knowledge,0.05333324,7777,100,270,320,100,0.1566665599999999,0.3404251679490507
276,keep_knowledge,0.03666656,8888,100,270,320,100,0.10333328,0.3548378605614764
277,keep_knowledge,0.04666656,9999,100,270,320,100,0.1766666599999999,0.2641503495905794
278,keep_knowledge,0.04833322,12345,100,270,320,100,0.1233332199999999,0.39189133308933344
279,keep_knowledge,0.05666658,67890,100,270,320,100,0.08499988,0.6666665882351834
280,clear_knowledge,0.0816666,1111,100,270,320,100,0.09666658,0.844827653983414
281,clear_knowledge,0.0749999,2222,100,270,320,100,0.1516665399999999,0.4945052481582295
282,clear_knowledge,0.0683333399999999,4444,100,270,320,100,0.1733332999999999,0.3942308835059387
283,clear_knowledge,0.06499996,5555,100,270,320,100,0.13666662,0.47560962581792104
284,clear_knowledge,0.06999996,6666,100,270,320,100,0.10166656,0.6885249191081119
285,clear_knowledge,0.0849999799999999,7777,100,270,320,100,0.1566665599999999,0.5425534332278692
286,clear_knowledge,0.08499998,8888,100,270,320,100,0.10333328,0.8225808761707748
287,clear_knowledge,0.06999996,9999,100,270,320,100,0.1766666599999999,0.3962262036311777
288,clear_knowledge,0.05833326,12345,100,270,320,100,0.1233332199999999,0.47297281300204475
289,clear_knowledge,0.05999994,67890,100,270,320,100,0.08499988,0.7058826435990263
290,xxx,0.05833322,1111,100,270,320,100,0.09666658,0.6034476444703019
291,xxx,0.0716666,2222,100,270,320,100,0.1516665399999999,0.4725274276053244
292,xxx,0.0499999,4444,100,270,320,100,0.1733332999999999,0.2884610170117342
293,xxx,0.05833324,5555,100,270,320,100,0.13666662,0.42682873111224967
294,xxx,0.0683333,6666,100,270,320,100,0.10166656,0.6721315248593047
295,xxx,0.0566666,7777,100,270,320,100,0.1566665599999999,0.36170194839281616
296,xxx,0.06333322,8888,100,270,320,100,0.10333328,0.6129024453690041
297,xxx,0.04833326,9999,100,270,320,100,0.1766666599999999,0.2735845008899814
298,xxx,0.04333324,12345,100,270,320,100,0.1233332199999999,0.35135091745760016
299,xxx,0.0499999,67890,100,270,320,100,0.08499988,0.5882349480963973
300,keep_knowledge,0.0683332,1111,100,284,334,100,0.1616665999999999,0.42267976192979895
301,keep_knowledge,0.0683332,1111,100,284,334,100,0.1616665999999999,0.42267976192979895
302,keep_knowledge,0.06666654,2222,100,284,334,100,0.18333332,0.3636356991735054
303,keep_knowledge,0.06666654,2222,100,284,334,100,0.18333332,0.3636356991735054
304,keep_knowledge,0.04833322,4444,100,284,334,100,0.1016666199999999,0.4754089395319727
305,keep_knowledge,0.04833322,4444,100,284,334,100,0.1016666199999999,0.4754089395319727
306,keep_knowledge,0.05166658,5555,100,284,334,100,0.1116665999999999,0.46268606727526446
307,keep_knowledge,0.05166658,5555,100,284,334,100,0.1116665999999999,0.46268606727526446
308,keep_knowledge,0.07333324,6666,100,284,334,100,0.12833326,0.5714281706862273
309,keep_knowledge,0.07333324,6666,100,284,334,100,0.12833326,0.5714281706862273
310,keep_knowledge,0.05499994,7777,100,284,334,100,0.20333328,0.27049157914533223
311,keep_knowledge,0.05499994,7777,100,284,334,100,0.20333328,0.27049157914533223
312,keep_knowledge,0.08333318,8888,100,284,334,100,0.12166664,0.6849303966970732
313,keep_knowledge,0.08333318,8888,100,284,334,100,0.12166664,0.6849303966970732
314,keep_knowledge,0.07999984,9999,100,284,334,100,0.1349998799999998,0.5925919341557943
315,keep_knowledge,0.07999984,9999,100,284,334,100,0.1349998799999998,0.5925919341557943
316,keep_knowledge,0.05166656,12345,100,284,334,100,0.1249999399999999,0.41333267839968596
317,keep_knowledge,0.05166656,12345,100,284,334,100,0.1249999399999999,0.41333267839968596
318,keep_knowledge,0.05166652,67890,100,284,334,100,0.1016665799999999,0.5081957119045418
319,keep_knowledge,0.05166652,67890,100,284,334,100,0.1016665799999999,0.5081957119045418
320,clear_knowledge,0.08666648,1111,100,284,334,100,0.1616665999999999,0.536081540652182
321,clear_knowledge,0.08666648,1111,100,284,334,100,0.1616665999999999,0.536081540652182
322,clear_knowledge,0.0899998799999999,2222,100,284,334,100,0.18333332,0.49090847206607013
323,clear_knowledge,0.0899998799999999,2222,100,284,334,100,0.18333332,0.49090847206607013
324,clear_knowledge,0.08666656,4444,100,284,334,100,0.1016666199999999,0.8524583585054769
325,clear_knowledge,0.08666656,4444,100,284,334,100,0.1016666199999999,0.8524583585054769
326,clear_knowledge,0.1033332999999999,5555,100,284,334,100,0.1116665999999999,0.92537338828262
327,clear_knowledge,0.1033332999999999,5555,100,284,334,100,0.1116665999999999,0.92537338828262
328,clear_knowledge,0.1099999799999999,6666,100,284,334,100,0.12833326,0.8571431910948096
329,clear_knowledge,0.1099999799999999,6666,100,284,334,100,0.12833326,0.8571431910948096
330,clear_knowledge,0.0633333,7777,100,284,334,100,0.20333328,0.3114753276000859
331,clear_knowledge,0.0633333,7777,100,284,334,100,0.20333328,0.3114753276000859
332,clear_knowledge,0.09499988,8888,100,284,334,100,0.12166664,0.780821102645721
333,clear_knowledge,0.09499988,8888,100,284,334,100,0.12166664,0.780821102645721
334,clear_knowledge,0.08166652,9999,100,284,334,100,0.1349998799999998,0.6049377229076065
335,clear_knowledge,0.08166652,9999,100,284,334,100,0.1349998799999998,0.6049377229076065
336,clear_knowledge,0.06999992,12345,100,284,334,100,0.1249999399999999,0.5599996287998222
337,clear_knowledge,0.06999992,12345,100,284,334,100,0.1249999399999999,0.5599996287998222
338,clear_knowledge,0.0733332,67890,100,284,334,100,0.1016665799999999,0.721310778822304
339,clear_knowledge,0.0733332,67890,100,284,334,100,0.1016665799999999,0.721310778822304
340,xxx,0.0616665,1111,100,284,334,100,0.1616665999999999,0.38144242533708284
341,xxx,0.0616665,1111,100,284,334,100,0.1616665999999999,0.38144242533708284
342,xxx,0.06166648,2222,100,284,334,100,0.18333332,0.33636264264455584
343,xxx,0.06166648,2222,100,284,334,100,0.18333332,0.33636264264455584
344,xxx,0.05666652,4444,100,284,334,100,0.1016666199999999,0.5573758624020357
345,xxx,0.05666652,4444,100,284,334,100,0.1016666199999999,0.5573758624020357
346,xxx,0.06666656,5555,100,284,334,100,0.1116665999999999,0.597014326575718
347,xxx,0.06666656,5555,100,284,334,100,0.1116665999999999,0.597014326575718
348,xxx,0.06666656,6666,100,284,334,100,0.12833326,0.5194799851573941
349,xxx,0.06666656,6666,100,284,334,100,0.12833326,0.5194799851573941
350,xxx,0.06666652,7777,100,284,334,100,0.20333328,0.3278682171457619
351,xxx,0.06666652,7777,100,284,334,100,0.20333328,0.3278682171457619
352,xxx,0.08166654,8888,100,284,334,100,0.12166664,0.671231982735777
353,xxx,0.08166654,8888,100,284,334,100,0.12166664,0.671231982735777
354,xxx,0.07999984,9999,100,284,334,100,0.1349998799999998,0.5925919341557943
355,xxx,0.07999984,9999,100,284,334,100,0.1349998799999998,0.5925919341557943
356,xxx,0.06166658,12345,100,284,334,100,0.1249999399999999,0.4933328767997812
357,xxx,0.06166658,12345,100,284,334,100,0.1249999399999999,0.4933328767997812
358,xxx,0.0649999,67890,100,284,334,100,0.1016665799999999,0.6393438237029323
359,xxx,0.0649999,67890,100,284,334,100,0.1016665799999999,0.6393438237029323
360,keep_knowledge,0.0683332,1111,100,284,334,100,0.1616665999999999,0.42267976192979895
361,keep_knowledge,0.0683332,1111,100,284,334,100,0.1616665999999999,0.42267976192979895
362,keep_knowledge,0.06666654,2222,100,284,334,100,0.18333332,0.3636356991735054
363,keep_knowledge,0.06666654,2222,100,284,334,100,0.18333332,0.3636356991735054
364,keep_knowledge,0.04833322,4444,100,284,334,100,0.1016666199999999,0.4754089395319727
365,keep_knowledge,0.04833322,4444,100,284,334,100,0.1016666199999999,0.4754089395319727
366,keep_knowledge,0.05166658,5555,100,284,334,100,0.1116665999999999,0.46268606727526446
367,keep_knowledge,0.05166658,5555,100,284,334,100,0.1116665999999999,0.46268606727526446
368,keep_knowledge,0.07333324,6666,100,284,334,100,0.12833326,0.5714281706862273
369,keep_knowledge,0.07333324,6666,100,284,334,100,0.12833326,0.5714281706862273
370,keep_knowledge,0.05499994,7777,100,284,334,100,0.20333328,0.27049157914533223
371,keep_knowledge,0.05499994,7777,100,284,334,100,0.20333328,0.27049157914533223
372,keep_knowledge,0.08333318,8888,100,284,334,100,0.12166664,0.6849303966970732
373,keep_knowledge,0.08333318,8888,100,284,334,100,0.12166664,0.6849303966970732
374,keep_knowledge,0.07999984,9999,100,284,334,100,0.1349998799999998,0.5925919341557943
375,keep_knowledge,0.07999984,9999,100,284,334,100,0.1349998799999998,0.5925919341557943
376,keep_knowledge,0.05166656,12345,100,284,334,100,0.1249999399999999,0.41333267839968596
377,keep_knowledge,0.05166656,12345,100,284,334,100,0.1249999399999999,0.41333267839968596
378,keep_knowledge,0.05166652,67890,100,284,334,100,0.1016665799999999,0.5081957119045418
379,keep_knowledge,0.05166652,67890,100,284,334,100,0.1016665799999999,0.5081957119045418
380,clear_knowledge,0.08666648,1111,100,284,334,100,0.1616665999999999,0.536081540652182
381,clear_knowledge,0.08666648,1111,100,284,334,100,0.1616665999999999,0.536081540652182
382,clear_knowledge,0.0899998799999999,2222,100,284,334,100,0.18333332,0.49090847206607013
383,clear_knowledge,0.0899998799999999,2222,100,284,334,100,0.18333332,0.49090847206607013
384,clear_knowledge,0.08666656,4444,100,284,334,100,0.1016666199999999,0.8524583585054769
385,clear_knowledge,0.08666656,4444,100,284,334,100,0.1016666199999999,0.8524583585054769
386,clear_knowledge,0.1033332999999999,5555,100,284,334,100,0.1116665999999999,0.92537338828262
387,clear_knowledge,0.1033332999999999,5555,100,284,334,100,0.1116665999999999,0.92537338828262
388,clear_knowledge,0.1099999799999999,6666,100,284,334,100,0.12833326,0.8571431910948096
389,clear_knowledge,0.1099999799999999,6666,100,284,334,100,0.12833326,0.8571431910948096
390,clear_knowledge,0.0633333,7777,100,284,334,100,0.20333328,0.3114753276000859
391,clear_knowledge,0.0633333,7777,100,284,334,100,0.20333328,0.3114753276000859
392,clear_knowledge,0.09499988,8888,100,284,334,100,0.12166664,0.780821102645721
393,clear_knowledge,0.09499988,8888,100,284,334,100,0.12166664,0.780821102645721
394,clear_knowledge,0.08166652,9999,100,284,334,100,0.1349998799999998,0.6049377229076065
395,clear_knowledge,0.08166652,9999,100,284,334,100,0.1349998799999998,0.6049377229076065
396,clear_knowledge,0.06999992,12345,100,284,334,100,0.1249999399999999,0.5599996287998222
397,clear_knowledge,0.06999992,12345,100,284,334,100,0.1249999399999999,0.5599996287998222
398,clear_knowledge,0.0733332,67890,100,284,334,100,0.1016665799999999,0.721310778822304
399,clear_knowledge,0.0733332,67890,100,284,334,100,0.1016665799999999,0.721310778822304
400,xxx,0.0616665,1111,100,284,334,100,0.1616665999999999,0.38144242533708284
401,xxx,0.0616665,1111,100,284,334,100,0.1616665999999999,0.38144242533708284
402,xxx,0.06166648,2222,100,284,334,100,0.18333332,0.33636264264455584
403,xxx,0.06166648,2222,100,284,334,100,0.18333332,0.33636264264455584
404,xxx,0.05666652,4444,100,284,334,100,0.1016666199999999,0.5573758624020357
405,xxx,0.05666652,4444,100,284,334,100,0.1016666199999999,0.5573758624020357
406,xxx,0.06666656,5555,100,284,334,100,0.1116665999999999,0.597014326575718
407,xxx,0.06666656,5555,100,284,334,100,0.1116665999999999,0.597014326575718
408,xxx,0.06666656,6666,100,284,334,100,0.12833326,0.5194799851573941
409,xxx,0.06666656,6666,100,284,334,100,0.12833326,0.5194799851573941
410,xxx,0.06666652,7777,100,284,334,100,0.20333328,0.3278682171457619
411,xxx,0.06666652,7777,100,284,334,100,0.20333328,0.3278682171457619
412,xxx,0.08166654,8888,100,284,334,100,0.12166664,0.671231982735777
413,xxx,0.08166654,8888,100,284,334,100,0.12166664,0.671231982735777
414,xxx,0.07999984,9999,100,284,334,100,0.1349998799999998,0.5925919341557943
415,xxx,0.07999984,9999,100,284,334,100,0.1349998799999998,0.5925919341557943
416,xxx,0.06166658,12345,100,284,334,100,0.1249999399999999,0.4933328767997812
417,xxx,0.06166658,12345,100,284,334,100,0.1249999399999999,0.4933328767997812
418,xxx,0.0649999,67890,100,284,334,100,0.1016665799999999,0.6393438237029323
419,xxx,0.0649999,67890,100,284,334,100,0.1016665799999999,0.6393438237029323
420,keep_knowledge,0.03833324,1111,100,344,394,100,0.11999992,0.3194438796292531
421,keep_knowledge,0.03833326,2222,100,344,394,100,0.1049998999999999,0.3650790143609664
422,keep_knowledge,0.04166658,4444,100,344,394,100,0.1599999399999999,0.26041622265608366
423,keep_knowledge,0.0466666,5555,100,344,394,100,0.0816666,0.5714282215740584
424,keep_knowledge,0.03833322,6666,100,344,394,100,0.1399999999999999,0.27380871428571446
425,keep_knowledge,0.0599999,7777,100,344,394,100,0.1116665599999999,0.5373130505676906
426,keep_knowledge,0.05833322,8888,100,344,394,100,0.1066665599999999,0.5468744843744849
427,keep_knowledge,0.03666654,9999,100,344,394,100,0.1116665999999999,0.3283572706610574
428,keep_knowledge,0.05333326,12345,100,344,394,100,0.0766666,0.6956518223059325
429,keep_knowledge,0.0566666,67890,100,344,394,100,0.06666656,0.850000360000576
430,clear_knowledge,0.04999986,1111,100,344,394,100,0.11999992,0.4166657777771852
431,clear_knowledge,0.0549999,2222,100,344,394,100,0.1049998999999999,0.5238090702943532
432,clear_knowledge,0.05666654,4444,100,344,394,100,0.1599999399999999,0.35416600781225316
433,clear_knowledge,0.0399999,5555,100,344,394,100,0.0816666,0.4897950937102805
434,clear_knowledge,0.0599999,6666,100,344,394,100,0.1399999999999999,0.4285707142857146
435,clear_knowledge,0.05333326,7777,100,344,394,100,0.1116665599999999,0.4776117398082295
436,clear_knowledge,0.0866666,8888,100,344,394,100,0.1066665599999999,0.8125001875001883
437,clear_knowledge,0.03999988,9999,100,344,394,100,0.1116665999999999,0.35820809445259405
438,clear_knowledge,0.06166658,12345,100,344,394,100,0.0766666,0.8043473950846913
439,clear_knowledge,0.05999988,67890,100,344,394,100,0.06666656,0.899999639999424
440,xxx,0.0349999,1111,100,344,394,100,0.11999992,0.29166602777735184
441,xxx,0.02666658,2222,100,344,394,100,0.1049998999999999,0.25396767044540064
442,xxx,0.0449999,4444,100,344,394,100,0.1599999399999999,0.28124948046855536
443,xxx,0.04833326,5555,100,344,394,100,0.0816666,0.5918363198663835
444,xxx,0.0333332,6666,100,344,394,100,0.1399999999999999,0.23809428571428587
445,xxx,0.04833324,7777,100,344,394,100,0.1116665599999999,0.4328353985293363
446,xxx,0.04333322,8888,100,344,394,100,0.1066665599999999,0.4062493437493441
447,xxx,0.03166656,9999,100,344,394,100,0.1116665999999999,0.28358130363062933
448,xxx,0.0566666,12345,100,344,394,100,0.0766666,0.7391302079393112
449,xxx,0.06499994,67890,100,344,394,100,0.06666656,0.9750006600010561
450,keep_knowledge,0.04166656,1111,100,348,398,100,0.0983332399999999,0.4237281309961925
451,keep_knowledge,0.07166662,2222,100,348,398,100,0.06833324,1.0487812373597387
452,keep_knowledge,0.03833318,4444,100,348,398,100,0.0949999399999999,0.4035074127415243
453,keep_knowledge,0.05166656,5555,100,348,398,100,0.0916666199999999,0.5636354869417031
454,keep_knowledge,0.03166654,6666,100,348,398,100,0.0666665,0.47499928749821874
455,keep_knowledge,0.0633333,7777,100,348,398,100,0.1,0.6333329999999999
456,keep_knowledge,0.09999992,8888,100,348,398,100,0.1249999199999999,0.7999998719999187
457,keep_knowledge,0.0299999,9999,100,348,398,100,0.07999992,0.37499912499912497
458,keep_knowledge,0.05666656,12345,100,348,398,100,0.0699999,0.8095234421763459
459,keep_knowledge,0.05333326,67890,100,348,398,100,0.0883333199999999,0.6037728458525058
460,clear_knowledge,0.07999992,1111,100,348,398,100,0.0983332399999999,0.8135592806664367
461,clear_knowledge,0.05499988,2222,100,348,398,100,0.06833324,0.8048773920276574
462,clear_knowledge,0.0583332,4444,100,348,398,100,0.0949999399999999,0.6140340720215198
463,clear_knowledge,0.0483332,5555,100,348,398,100,0.0916666199999999,0.5272715411564216
464,clear_knowledge,0.0649999,6666,100,348,398,100,0.0666665,0.9750009375023437
465,clear_knowledge,0.0616666,7777,100,348,398,100,0.1,0.6166659999999999
466,clear_knowledge,0.1,8888,100,348,398,100,0.1249999199999999,0.8000005120003283
467,clear_knowledge,0.0433332,9999,100,348,398,100,0.07999992,0.5416655416655417
468,clear_knowledge,0.0833332599999999,12345,100,348,398,100,0.0699999,1.1904768435383464
469,clear_knowledge,0.06999992,67890,100,348,398,100,0.0883333199999999,0.7924520441437056
470,xxx,0.03666656,1111,100,348,398,100,0.0983332399999999,0.37288062510703435
471,xxx,0.06499996,2222,100,348,398,100,0.06833324,0.951220226056894
472,xxx,0.04333322,4444,100,348,398,100,0.0949999399999999,0.4561394459828085
473,xxx,0.04833326,5555,100,348,398,100,0.0916666199999999,0.5272721957022094
474,xxx,0.03166654,6666,100,348,398,100,0.0666665,0.47499928749821874
475,xxx,0.05999996,7777,100,348,398,100,0.1,0.5999996
476,xxx,0.04999988,8888,100,348,398,100,0.1249999199999999,0.3999992959995497
477,xxx,0.03499988,9999,100,348,398,100,0.07999992,0.4374989374989374
478,xxx,0.05499992,12345,100,348,398,100,0.0699999,0.7857142653060932
479,xxx,0.06833326,67890,100,348,398,100,0.0883333199999999,0.7735841922391243
480,keep_knowledge,0.0366666,1111,100,352,402,100,0.07499992,0.4888885214810896
481,keep_knowledge,0.07999996,2222,100,352,402,100,0.10499986,0.7619053968262434
482,keep_knowledge,0.04166656,4444,100,352,402,100,0.13166658,0.3164550943755051
483,keep_knowledge,0.0499999,5555,100,352,402,100,0.10333326,0.48387034339185664
484,keep_knowledge,0.06666662,6666,100,352,402,100,0.0749999,0.8888894518526025
485,keep_knowledge,0.06333326,7777,100,352,402,100,0.09666658,0.6551722425682175
486,keep_knowledge,0.06166656,8888,100,352,402,100,0.06833322,0.9024389601426657
487,keep_knowledge,0.04333324,9999,100,352,402,100,0.06999986,0.6190475238093334
488,keep_knowledge,0.06833326,12345,100,352,402,100,0.09166662,0.7454541249584636
489,keep_knowledge,0.05666656,67890,100,352,402,100,0.0866666,0.6538454260349431
490,clear_knowledge,0.06166662,1111,100,352,402,100,0.07499992,0.8222224770373089
491,clear_knowledge,0.08666664,2222,100,352,402,100,0.10499986,0.8253976719588008
492,clear_knowledge,0.08499994,4444,100,352,402,100,0.13166658,0.6455695894888437
493,clear_knowledge,0.0966665999999999,5555,100,352,402,100,0.10333326,0.9354838896982434
494,clear_knowledge,0.0833332599999999,6666,100,352,402,100,0.0749999,1.1111116148154851
495,clear_knowledge,0.08999992,7777,100,352,402,100,0.09666658,0.9310344898929909
496,clear_knowledge,0.09833324,8888,100,352,402,100,0.06833322,1.4390254110665355
497,clear_knowledge,0.07499992,9999,100,352,402,100,0.06999986,1.0714295714305715
498,clear_knowledge,0.08499992,12345,100,352,402,100,0.09166662,0.9272723266113663
499,clear_knowledge,0.07499992,67890,100,352,402,100,0.0866666,0.8653843579879676
500,xxx,0.0366666,1111,100,352,402,100,0.07499992,0.4888885214810896
501,xxx,0.07833328,2222,100,352,402,100,0.10499986,0.7460322328048818
502,xxx,0.04999992,4444,100,352,402,100,0.13166658,0.3797464778078082
503,xxx,0.05166658,5555,100,352,402,100,0.10333326,0.49999951612868887
504,xxx,0.04333322,6666,100,352,402,100,0.0749999,0.5777770370360494
505,xxx,0.0616666,7777,100,352,402,100,0.09666658,0.6379309167656495
506,xxx,0.06166656,8888,100,352,402,100,0.06833322,0.9024389601426657
507,xxx,0.04333324,9999,100,352,402,100,0.06999986,0.6190475238093334
508,xxx,0.05833328,12345,100,352,402,100,0.09166662,0.6363633785122654
509,xxx,0.06166664,67890,100,352,402,100,0.0866666,0.7115387011836164
510,keep_knowledge,0.07333324,1111,100,367,417,100,0.1116666599999999,0.6567156212964556
511,keep_knowledge,0.07999992,2222,100,367,417,100,0.1199999799999999,0.6666661111110191
512,keep_knowledge,0.03333322,4444,100,367,417,100,0.1049999599999999,0.317459359032137
513,keep_knowledge,0.07333326,5555,100,367,417,100,0.1049999599999999,0.6984122660618163
514,keep_knowledge,0.07666656,6666,100,367,417,100,0.1116666399999999,0.6865663729113732
515,keep_knowledge,0.1116665799999999,7777,100,367,417,100,0.14000004,0.7976182006805135
516,keep_knowledge,0.03499992,8888,100,367,417,100,0.1116666199999999,0.31343225038959743
517,keep_knowledge,0.03499994,9999,100,367,417,100,0.0883332799999999,0.3962259750798344
518,keep_knowledge,0.04666658,12345,100,367,417,100,0.145,0.3218384827586207
519,keep_knowledge,0.0599999,67890,100,367,417,100,0.12166666,0.49314989003561044
520,clear_knowledge,0.07333324,1111,100,367,417,100,0.1116666599999999,0.6567156212964556
521,clear_knowledge,0.07999992,2222,100,367,417,100,0.1199999799999999,0.6666661111110191
522,clear_knowledge,0.03333322,4444,100,367,417,100,0.1049999599999999,0.317459359032137
523,clear_knowledge,0.0766666,5555,100,367,417,100,0.1049999599999999,0.7301583733936667
524,clear_knowledge,0.07999986,6666,100,367,417,100,0.1116666399999999,0.7164168278010342
525,clear_knowledge,0.13333336,7777,100,367,417,100,0.14000004,0.9523808707483228
526,clear_knowledge,0.03499992,8888,100,367,417,100,0.1116666199999999,0.31343225038959743
527,clear_knowledge,0.03499994,9999,100,367,417,100,0.0883332799999999,0.3962259750798344
528,clear_knowledge,0.04666658,12345,100,367,417,100,0.145,0.3218384827586207
529,clear_knowledge,0.0599999,67890,100,367,417,100,0.12166666,0.49314989003561044
530,xxx,0.07333324,1111,100,367,417,100,0.1116666599999999,0.6567156212964556
531,xxx,0.07999992,2222,100,367,417,100,0.1199999799999999,0.6666661111110191
532,xxx,0.03333322,4444,100,367,417,100,0.1049999599999999,0.317459359032137
533,xxx,0.0766666,5555,100,367,417,100,0.1049999599999999,0.7301583733936667
534,xxx,0.07999986,6666,100,367,417,100,0.1116666399999999,0.7164168278010342
535,xxx,0.0899998799999999,7777,100,367,417,100,0.14000004,0.642856102041113
536,xxx,0.03499992,8888,100,367,417,100,0.1116666199999999,0.31343225038959743
537,xxx,0.03499994,9999,100,367,417,100,0.0883332799999999,0.3962259750798344
538,xxx,0.04666658,12345,100,367,417,100,0.145,0.3218384827586207
539,xxx,0.04833324,67890,100,367,417,100,0.12166666,0.39725952861696046
540,keep_knowledge,0.0866666,1111,100,389,439,100,0.13166664,0.6582274750840456
541,keep_knowledge,0.07166662,2222,100,389,439,100,0.1133333199999999,0.6323526038061892
542,keep_knowledge,0.0499999,4444,100,389,439,100,0.0533333,0.9374987109366943
543,keep_knowledge,0.03833326,5555,100,389,439,100,0.1266666,0.3026311592795575
544,keep_knowledge,0.0816666,6666,100,389,439,100,0.1049999199999999,0.777777735449704
545,keep_knowledge,0.0549999,7777,100,389,439,100,0.07833326,0.7021270402891441
546,keep_knowledge,0.05333324,8888,100,389,439,100,0.1333333,0.39999939999985
547,keep_knowledge,0.04499988,9999,100,389,439,100,0.07833328,0.5744669443179194
548,keep_knowledge,0.0899999199999999,12345,100,389,439,100,0.1183332799999999,0.7605630470143309
549,keep_knowledge,0.05166658,67890,100,389,439,100,0.12666666,0.40789407409968814
550,clear_knowledge,0.08333326,1111,100,389,439,100,0.13166664,0.632910963627537
551,clear_knowledge,0.07166662,2222,100,389,439,100,0.1133333199999999,0.6323526038061892
552,clear_knowledge,0.04666658,4444,100,389,439,100,0.0533333,0.8749989218743262
553,clear_knowledge,0.03499992,5555,100,389,439,100,0.1266666,0.27631530332384385
554,clear_knowledge,0.0766666,6666,100,389,439,100,0.1049999199999999,0.7301586515494495
555,clear_knowledge,0.04833324,7777,100,389,439,100,0.07833326,0.617020662742748
556,clear_knowledge,0.05333324,8888,100,389,439,100,0.1333333,0.39999939999985
557,clear_knowledge,0.0399999,9999,100,389,439,100,0.07833328,0.5106373689445916
558,clear_knowledge,0.0866665599999999,12345,100,389,439,100,0.1183332799999999,0.7323937948817102
559,clear_knowledge,0.05166658,67890,100,389,439,100,0.12666666,0.40789407409968814
560,xxx,0.08333326,1111,100,389,439,100,0.13166664,0.632910963627537
561,xxx,0.07166662,2222,100,389,439,100,0.1133333199999999,0.6323526038061892
562,xxx,0.04666658,4444,100,389,439,100,0.0533333,0.8749989218743262
563,xxx,0.03499992,5555,100,389,439,100,0.1266666,0.27631530332384385
564,xxx,0.0766666,6666,100,389,439,100,0.1049999199999999,0.7301586515494495
565,xxx,0.04833324,7777,100,389,439,100,0.07833326,0.617020662742748
566,xxx,0.05333324,8888,100,389,439,100,0.1333333,0.39999939999985
567,xxx,0.0399999,9999,100,389,439,100,0.07833328,0.5106373689445916
568,xxx,0.0866665599999999,12345,100,389,439,100,0.1183332799999999,0.7323937948817102
569,xxx,0.05166658,67890,100,389,439,100,0.12666666,0.40789407409968814
570,keep_knowledge,0.09666654,1111,100,429,479,100,0.0983333199999999,0.9830496926169083
571,keep_knowledge,0.10166654,2222,100,429,479,100,0.1249999799999999,0.8133324501331927
572,keep_knowledge,0.0533332,4444,100,429,479,100,0.06333324,0.8421043988906931
573,keep_knowledge,0.05333316,5555,100,429,479,100,0.07166656,0.7441847355307691
574,keep_knowledge,0.07499986,6666,100,429,479,100,0.12499996,0.599999071999703
575,keep_knowledge,0.06833318,7777,100,429,479,100,0.09499994,0.7192970858718436
576,keep_knowledge,0.08666658,8888,100,429,479,100,0.08999984,0.9629637119354878
577,keep_knowledge,0.04999984,9999,100,429,479,100,0.07333324,0.6818168677669226
578,keep_knowledge,0.03833324,12345,100,429,479,100,0.08666658,0.4423070576916731
579,keep_knowledge,0.0849999,67890,100,429,479,100,0.07666656,1.1086958903594997
580,clear_knowledge,0.09166656,1111,100,429,479,100,0.0983333199999999,0.9322024314850763
581,clear_knowledge,0.09666656,2222,100,429,479,100,0.1249999799999999,0.7733326037332172
582,clear_knowledge,0.04833322,4444,100,429,479,100,0.06333324,0.7631572299159178
583,clear_knowledge,0.04833318,5555,100,429,479,100,0.07166656,0.6744174689004189
584,clear_knowledge,0.06999988,6666,100,429,479,100,0.12499996,0.5599992191997502
585,clear_knowledge,0.0633332,7777,100,429,479,100,0.09499994,0.6666656842099058
586,clear_knowledge,0.08666658,8888,100,429,479,100,0.08999984,0.9629637119354878
587,clear_knowledge,0.04499986,9999,100,429,479,100,0.07333324,0.6136352355357544
588,clear_knowledge,0.04499988,12345,100,429,479,100,0.08666658,0.5192299038452884
589,clear_knowledge,0.07999992,67890,100,429,479,100,0.07666656,1.0434786691877138
590,xxx,0.08333326,1111,100,429,479,100,0.0983333199999999,0.8474569962653563
591,xxx,0.08833326,2222,100,429,479,100,0.1249999799999999,0.7066661930665914
592,xxx,0.03999992,4444,100,429,479,100,0.06333324,0.6315786149579589
593,xxx,0.03999988,5555,100,429,479,100,0.07166656,0.5581386911831683
594,xxx,0.06166658,6666,100,429,479,100,0.12499996,0.4933327978664953
595,xxx,0.0549999,7777,100,429,479,100,0.09499994,0.5789466814400093
596,xxx,0.07833328,8888,100,429,479,100,0.08999984,0.870371325104578
597,xxx,0.03666656,9999,100,429,479,100,0.07333324,0.49999918181714054
598,xxx,0.03666658,12345,100,429,479,100,0.08666658,0.4230763461532692
599,xxx,0.07166662,67890,100,429,479,100,0.07666656,0.9347833005680705
600,keep_knowledge,0.09333326,1111,100,432,482,100,0.13499998,0.6913575839048273
601,keep_knowledge,0.1016666,2222,100,432,482,100,0.1116666399999999,0.9104473815993754
602,keep_knowledge,0.0466666,4444,100,432,482,100,0.05166658,0.9032260312178589
603,keep_knowledge,0.04499986,5555,100,432,482,100,0.07333324,0.6136352355357544
604,keep_knowledge,0.0666666,6666,100,432,482,100,0.11999996,0.5555551851850618
605,keep_knowledge,0.06999992,7777,100,432,482,100,0.07833328,0.8936166084198184
606,keep_knowledge,0.0866666,8888,100,432,482,100,0.09333324,0.9285716428573572
607,keep_knowledge,0.03666656,9999,100,432,482,100,0.05999988,0.6111105555544445
608,keep_knowledge,0.03833326,12345,100,432,482,100,0.0649999,0.5897433688359521
609,keep_knowledge,0.0816666399999999,67890,100,432,482,100,0.06166662,1.324324894083702
610,clear_knowledge,0.09333326,1111,100,432,482,100,0.13499998,0.6913575839048273
611,clear_knowledge,0.1016666,2222,100,432,482,100,0.1116666399999999,0.9104473815993754
612,clear_knowledge,0.0466666,4444,100,432,482,100,0.05166658,0.9032260312178589
613,clear_knowledge,0.04499986,5555,100,432,482,100,0.07333324,0.6136352355357544
614,clear_knowledge,0.0666666,6666,100,432,482,100,0.11999996,0.5555551851850618
615,clear_knowledge,0.06999992,7777,100,432,482,100,0.07833328,0.8936166084198184
616,clear_knowledge,0.0866666,8888,100,432,482,100,0.09333324,0.9285716428573572
617,clear_knowledge,0.03666656,9999,100,432,482,100,0.05999988,0.6111105555544445
618,clear_knowledge,0.03833326,12345,100,432,482,100,0.0649999,0.5897433688359521
619,clear_knowledge,0.0816666399999999,67890,100,432,482,100,0.06166662,1.324324894083702
620,xxx,0.09333326,1111,100,432,482,100,0.13499998,0.6913575839048273
621,xxx,0.1016666,2222,100,432,482,100,0.1116666399999999,0.9104473815993754
622,xxx,0.0466666,4444,100,432,482,100,0.05166658,0.9032260312178589
623,xxx,0.04499986,5555,100,432,482,100,0.07333324,0.6136352355357544
624,xxx,0.0666666,6666,100,432,482,100,0.11999996,0.5555551851850618
625,xxx,0.06999992,7777,100,432,482,100,0.07833328,0.8936166084198184
626,xxx,0.0866666,8888,100,432,482,100,0.09333324,0.9285716428573572
627,xxx,0.03666656,9999,100,432,482,100,0.05999988,0.6111105555544445
628,xxx,0.03833326,12345,100,432,482,100,0.0649999,0.5897433688359521
629,xxx,0.0816666399999999,67890,100,432,482,100,0.06166662,1.324324894083702
630,keep_knowledge,0.08166658,1111,100,459,509,100,0.1399999599999999,0.5833328809522521
631,keep_knowledge,0.08166658,2222,100,459,509,100,0.10999998,0.7424235895315617
632,keep_knowledge,0.07166662,4444,100,459,509,100,0.05499998,1.3030299283745195
633,keep_knowledge,0.04333328,5555,100,459,509,100,0.0649999,0.6666668717951875
634,keep_knowledge,0.07999998,6666,100,459,509,100,0.09999998,0.799999959999992
635,keep_knowledge,0.07666658,7777,100,459,509,100,0.10833332,0.7076915947928116
636,keep_knowledge,0.05333326,8888,100,459,509,100,0.11999994,0.4444440555553611
637,keep_knowledge,0.06166658,9999,100,459,509,100,0.07499992,0.8222219437034066
638,keep_knowledge,0.06833326,12345,100,459,509,100,0.06499994,1.0512818934909787
639,keep_knowledge,0.06999994,67890,100,459,509,100,0.08499996,0.8235290934254557
640,clear_knowledge,0.1266665599999999,1111,100,459,509,100,0.1399999599999999,0.9047614013604004
641,clear_knowledge,0.08666658,2222,100,459,509,100,0.10999998,0.7878781432505715
642,clear_knowledge,0.06666658,4444,100,459,509,100,0.05499998,1.2121200771345737
643,clear_knowledge,0.04999994,5555,100,459,509,100,0.0649999,0.7692310295861994
644,clear_knowledge,0.08,6666,100,459,509,100,0.09999998,0.800000160000032
645,clear_knowledge,0.07666658,7777,100,459,509,100,0.10833332,0.7076915947928116
646,clear_knowledge,0.05999994,8888,100,459,509,100,0.11999994,0.499999749999875
647,clear_knowledge,0.05166656,9999,100,459,509,100,0.07499992,0.6888882014807483
648,clear_knowledge,0.07333324,12345,100,459,509,100,0.06499994,1.1282047337274463
649,clear_knowledge,0.06833328,67890,100,459,509,100,0.08499996,0.8039213194923857
650,xxx,0.08166658,1111,100,459,509,100,0.1399999599999999,0.5833328809522521
651,xxx,0.08166658,2222,100,459,509,100,0.10999998,0.7424235895315617
652,xxx,0.07166662,4444,100,459,509,100,0.05499998,1.3030299283745195
653,xxx,0.0416666,5555,100,459,509,100,0.0649999,0.6410256015778486
654,xxx,0.07999998,6666,100,459,509,100,0.09999998,0.799999959999992
655,xxx,0.07666658,7777,100,459,509,100,0.10833332,0.7076915947928116
656,xxx,0.05333326,8888,100,459,509,100,0.11999994,0.4444440555553611
657,xxx,0.06166658,9999,100,459,509,100,0.07499992,0.8222219437034066
658,xxx,0.07333324,12345,100,459,509,100,0.06499994,1.1282047337274463
659,xxx,0.06999994,67890,100,459,509,100,0.08499996,0.8235290934254557
660,keep_knowledge,0.06499994,1111,100,470,520,100,0.13,0.4999995384615385
661,keep_knowledge,0.0833332599999999,2222,100,470,520,100,0.12500002,0.6666659733334435
662,keep_knowledge,0.05333322,4444,100,470,520,100,0.06666662,0.7999988599992021
663,keep_knowledge,0.0599999599999999,5555,100,470,520,100,0.0833332599999999,0.7200001536001349
664,keep_knowledge,0.06833324,6666,100,470,520,100,0.10666662,0.6406244052731773
665,keep_knowledge,0.07166662,7777,100,470,520,100,0.1083333,0.6615382343194568
666,keep_knowledge,0.06499992,8888,100,470,520,100,0.10999996,0.5909085785122105
667,keep_knowledge,0.06166658,9999,100,470,520,100,0.09833324,0.6271183579428482
668,keep_knowledge,0.07499988,12345,100,470,520,100,0.0849999199999999,0.8823523598610458
669,keep_knowledge,0.06166662,67890,100,470,520,100,0.09166666,0.67272681256195
670,clear_knowledge,0.06499994,1111,100,470,520,100,0.13,0.4999995384615385
671,clear_knowledge,0.0833332599999999,2222,100,470,520,100,0.12500002,0.6666659733334435
672,clear_knowledge,0.0533332,4444,100,470,520,100,0.06666662,0.799998559998992
673,clear_knowledge,0.0583332999999999,5555,100,470,520,100,0.0833332599999999,0.7000002160001898
674,clear_knowledge,0.06833326,6666,100,470,520,100,0.10666662,0.6406245927732593
675,clear_knowledge,0.06999996,7777,100,470,520,100,0.1083333,0.6461536757395926
676,clear_knowledge,0.06499992,8888,100,470,520,100,0.10999996,0.5909085785122105
677,clear_knowledge,0.05833324,9999,100,470,520,100,0.09833324,0.5932199528867349
678,clear_knowledge,0.06833326,12345,100,470,520,100,0.0849999199999999,0.8039214625143187
679,clear_knowledge,0.05333322,67890,100,470,520,100,0.09166666,0.5818169877685082
680,xxx,0.06499994,1111,100,470,520,100,0.13,0.4999995384615385
681,xxx,0.0833332599999999,2222,100,470,520,100,0.12500002,0.6666659733334435
682,xxx,0.05333322,4444,100,470,520,100,0.06666662,0.7999988599992021
683,xxx,0.0599999599999999,5555,100,470,520,100,0.0833332599999999,0.7200001536001349
684,xxx,0.06833324,6666,100,470,520,100,0.10666662,0.6406244052731773
685,xxx,0.07166662,7777,100,470,520,100,0.1083333,0.6615382343194568
686,xxx,0.06499992,8888,100,470,520,100,0.10999996,0.5909085785122105
687,xxx,0.06166658,9999,100,470,520,100,0.09833324,0.6271183579428482
688,xxx,0.07499988,12345,100,470,520,100,0.0849999199999999,0.8823523598610458
689,xxx,0.06166662,67890,100,470,520,100,0.09166666,0.67272681256195
690,keep_knowledge,0.0483332,1111,100,603,653,100,0.15333336,0.31521646691887534
691,keep_knowledge,0.0399999,2222,100,603,653,100,0.1916666799999999,0.2086951159168616
692,keep_knowledge,0.05833322,4444,100,603,653,100,0.2050000199999999,0.2845522649217304
693,keep_knowledge,0.03833324,5555,100,603,653,100,0.11999994,0.3194438263885798
694,keep_knowledge,0.04999988,6666,100,603,653,100,0.1199999599999999,0.41666580555526883
695,keep_knowledge,0.0499999,7777,100,603,653,100,0.2266665999999998,0.2205878589964293
696,keep_knowledge,0.03833326,8888,100,603,653,100,0.24166664,0.15862040370983765
697,keep_knowledge,0.04833324,9999,100,603,653,100,0.2149999799999999,0.22480578835402693
698,keep_knowledge,0.06999994,12345,100,603,653,100,0.1133332599999999,0.6176469290656605
699,keep_knowledge,0.06333316,67890,100,603,653,100,0.1716665599999999,0.3689312583650539
700,clear_knowledge,0.0483332,1111,100,603,653,100,0.15333336,0.31521646691887534
701,clear_knowledge,0.0399999,2222,100,603,653,100,0.1916666799999999,0.2086951159168616
702,clear_knowledge,0.0533332,4444,100,603,653,100,0.2050000199999999,0.260161925837861
703,clear_knowledge,0.03833324,5555,100,603,653,100,0.11999994,0.3194438263885798
704,clear_knowledge,0.04833322,6666,100,603,653,100,0.1199999599999999,0.4027769675923229
705,clear_knowledge,0.0499999,7777,100,603,653,100,0.2266665999999998,0.2205878589964293
706,clear_knowledge,0.03833326,8888,100,603,653,100,0.24166664,0.15862040370983765
707,clear_knowledge,0.04499988,9999,100,603,653,100,0.2149999799999999,0.20930178691179424
708,clear_knowledge,0.06999994,12345,100,603,653,100,0.1133332599999999,0.6176469290656605
709,clear_knowledge,0.06333316,67890,100,603,653,100,0.1716665599999999,0.3689312583650539
710,xxx,0.0483332,1111,100,603,653,100,0.15333336,0.31521646691887534
711,xxx,0.0399999,2222,100,603,653,100,0.1916666799999999,0.2086951159168616
712,xxx,0.0533332,4444,100,603,653,100,0.2050000199999999,0.260161925837861
713,xxx,0.03833324,5555,100,603,653,100,0.11999994,0.3194438263885798
714,xxx,0.04999988,6666,100,603,653,100,0.1199999599999999,0.41666580555526883
715,xxx,0.0499999,7777,100,603,653,100,0.2266665999999998,0.2205878589964293
716,xxx,0.03833326,8888,100,603,653,100,0.24166664,0.15862040370983765
717,xxx,0.04833324,9999,100,603,653,100,0.2149999799999999,0.22480578835402693
718,xxx,0.06999994,12345,100,603,653,100,0.1133332599999999,0.6176469290656605
719,xxx,0.06333316,67890,100,603,653,100,0.1716665599999999,0.3689312583650539
720,keep_knowledge,0.05333324,1111,100,618,668,100,0.1799999399999999,0.2962958765430701
721,keep_knowledge,0.03999994,2222,100,618,668,100,0.2233332399999999,0.1791042838047754
722,keep_knowledge,0.04499988,4444,100,618,668,100,0.12166658,0.3698622908608099
723,keep_knowledge,0.0533332,5555,100,618,668,100,0.13666656,0.39024323140935135
724,keep_knowledge,0.03666656,6666,100,618,668,100,0.1749999399999999,0.20952327183655045
725,keep_knowledge,0.03666656,7777,100,618,668,100,0.2199999599999999,0.16666621212112956
726,keep_knowledge,0.04166654,8888,100,618,668,100,0.1816666599999999,0.229357109334206
727,keep_knowledge,0.0649999,9999,100,618,668,100,0.1199999199999999,0.5416661944441301
728,keep_knowledge,0.04833322,12345,100,618,668,100,0.09833328,0.49152453777602056
729,keep_knowledge,0.05166656,67890,100,618,668,100,0.2049999399999999,0.25203207376548514
730,clear_knowledge,0.04499988,1111,100,618,668,100,0.1799999399999999,0.24999941666647238
731,clear_knowledge,0.05666656,2222,100,618,668,100,0.2233332399999999,0.25373097170846587
732,clear_knowledge,0.05166658,4444,100,618,668,100,0.12166658,0.42465712441329406
733,clear_knowledge,0.04499988,5555,100,618,668,100,0.13666656,0.3292676716235486
734,clear_knowledge,0.0499999,6666,100,618,668,100,0.1749999399999999,0.2857138122447358
735,clear_knowledge,0.0399999,7777,100,618,668,100,0.2199999599999999,0.18181776033050195
736,clear_knowledge,0.03999988,8888,100,618,668,100,0.1816666599999999,0.22018283376817752
737,clear_knowledge,0.05833322,9999,100,618,668,100,0.1199999199999999,0.4861104907403275
738,clear_knowledge,0.05166656,12345,100,618,668,100,0.09833328,0.5254229290429446
739,clear_knowledge,0.04166656,67890,100,618,668,100,0.2049999399999999,0.20325157168338692
740,xxx,0.05166656,1111,100,618,668,100,0.1799999399999999,0.28703654012329133
741,xxx,0.04333326,2222,100,618,668,100,0.2233332399999999,0.19402960347505824
742,xxx,0.0433332,4444,100,618,668,100,0.12166658,0.35616354137676925
743,xxx,0.04499988,5555,100,618,668,100,0.13666656,0.3292676716235486
744,xxx,0.0316666,6666,100,618,668,100,0.1749999399999999,0.1809520620407071
745,xxx,0.04999994,7777,100,618,668,100,0.2199999599999999,0.2272724958677266
746,xxx,0.05333326,8888,100,618,668,100,0.1816666599999999,0.29357758875514106
747,xxx,0.04333322,9999,100,618,668,100,0.1199999199999999,0.36111040740693856
748,xxx,0.05999986,12345,100,618,668,100,0.09833328,0.6101683987354027
749,xxx,0.05166656,67890,100,618,668,100,0.2049999399999999,0.25203207376548514
750,keep_knowledge,0.05666664,1111,100,714,764,100,0.12500002,0.45333304746671244
751,keep_knowledge,0.08333326,2222,100,714,764,100,0.1016665799999999,0.8196721085729459
752,keep_knowledge,0.0449999,4444,100,714,764,100,0.1099999199999999,0.40909029752021675
753,keep_knowledge,0.0816666,5555,100,714,764,100,0.1099999799999999,0.7424237713497773
754,keep_knowledge,0.06999994,6666,100,714,764,100,0.1049999399999999,0.6666664761903679
755,keep_knowledge,0.05333324,7777,100,714,764,100,0.08833322,0.6037733029544263
756,keep_knowledge,0.04333328,8888,100,714,764,100,0.08666662,0.49999965384596745
757,keep_knowledge,0.04999992,9999,100,714,764,100,0.0766666,0.6521734366725537
758,keep_knowledge,0.04666662,12345,100,714,764,100,0.0899999599999999,0.5185182304525474
759,keep_knowledge,0.0583333,67890,100,714,764,100,0.13499994,0.4320987105623898
760,clear_knowledge,0.05499994,1111,100,714,764,100,0.12500002,0.4399994496000881
761,clear_knowledge,0.0699999,2222,100,714,764,100,0.1016665799999999,0.6885241934960346
762,clear_knowledge,0.05166656,4444,100,714,764,100,0.1099999199999999,0.46969634159733975
763,clear_knowledge,0.06499994,5555,100,714,764,100,0.1099999799999999,0.590908652892483
764,clear_knowledge,0.07333326,6666,100,714,764,100,0.1049999399999999,0.6984123990928001
765,clear_knowledge,0.06999992,7777,100,714,764,100,0.08833322,0.7924529412603774
766,clear_knowledge,0.05499996,8888,100,714,764,100,0.08666662,0.6346152647928349
767,clear_knowledge,0.05666658,9999,100,714,764,100,0.0766666,0.7391299470695192
768,clear_knowledge,0.04833328,12345,100,714,764,100,0.0899999599999999,0.5370366831274153
769,clear_knowledge,0.0666666,67890,100,714,764,100,0.13499994,0.49382688614528275
770,xxx,0.05499994,1111,100,714,764,100,0.12500002,0.4399994496000881
771,xxx,0.06499992,2222,100,714,764,100,0.1016665799999999,0.6393440204244115
772,xxx,0.04333324,4444,100,714,764,100,0.1099999199999999,0.3939388319555145
773,xxx,0.07166658,5555,100,714,764,100,0.1099999799999999,0.6515144820935427
774,xxx,0.06999994,6666,100,714,764,100,0.1049999399999999,0.6666664761903679
775,xxx,0.05333324,7777,100,714,764,100,0.08833322,0.6037733029544263
776,xxx,0.04333328,8888,100,714,764,100,0.08666662,0.49999965384596745
777,xxx,0.0499999,9999,100,714,764,100,0.0766666,0.6521731758027616
778,xxx,0.0516666,12345,100,714,764,100,0.0899999599999999,0.5740735884771511
779,xxx,0.0583333,67890,100,714,764,100,0.13499994,0.4320987105623898
780,keep_knowledge,0.06666656,1111,100,747,797,100,0.1316666199999999,0.5063284832556654
781,keep_knowledge,0.07333328,2222,100,747,797,100,0.1216665999999999,0.6027396179395171
782,keep_knowledge,0.07666658,4444,100,747,797,100,0.16666658,0.45999971919985394
783,keep_knowledge,0.06166658,5555,100,747,797,100,0.1399999399999999,0.4404757602038975
784,keep_knowledge,0.06333324,6666,100,747,797,100,0.17500004,0.361904145850481
785,keep_knowledge,0.06833324,7777,100,747,797,100,0.13833332,0.4939752765277375
786,keep_knowledge,0.04666658,8888,100,747,797,100,0.1049999399999999,0.4444438730155469
787,keep_knowledge,0.06999988,9999,100,747,797,100,0.11499994,0.6086949262756137
788,keep_knowledge,0.07999988,12345,100,747,797,100,0.10833322,0.7384612033132588
789,keep_knowledge,0.0766666,67890,100,747,797,100,0.14499992,0.5287354641299112
790,clear_knowledge,0.06833322,1111,100,747,797,100,0.1316666199999999,0.5189866649572994
791,clear_knowledge,0.07333328,2222,100,747,797,100,0.1216665999999999,0.6027396179395171
792,clear_knowledge,0.07999992,4444,100,747,797,100,0.16666658,0.47999976959988017
793,clear_knowledge,0.0516666,5555,100,747,797,100,0.1399999399999999,0.3690473010202721
794,clear_knowledge,0.07499988,6666,100,747,797,100,0.17500004,0.42857064489813834
795,clear_knowledge,0.07499994,7777,100,747,797,100,0.13833332,0.5421682932210403
796,clear_knowledge,0.04666658,8888,100,747,797,100,0.1049999399999999,0.4444438730155469
797,clear_knowledge,0.06999988,9999,100,747,797,100,0.11499994,0.6086949262756137
798,clear_knowledge,0.07999988,12345,100,747,797,100,0.10833322,0.7384612033132588
799,clear_knowledge,0.0799999,67890,100,747,797,100,0.14499992,0.5517237526751738
800,xxx,0.06833322,1111,100,747,797,100,0.1316666199999999,0.5189866649572994
801,xxx,0.06166662,2222,100,747,797,100,0.1216665999999999,0.5068492092324438
802,xxx,0.07999992,4444,100,747,797,100,0.16666658,0.47999976959988017
803,xxx,0.05833326,5555,100,747,797,100,0.1399999399999999,0.41666632142842375
804,xxx,0.04999992,6666,100,747,797,100,0.17500004,0.2857137632654256
805,xxx,0.07499994,7777,100,747,797,100,0.13833332,0.5421682932210403
806,xxx,0.04666658,8888,100,747,797,100,0.1049999399999999,0.4444438730155469
807,xxx,0.06999988,9999,100,747,797,100,0.11499994,0.6086949262756137
808,xxx,0.07999988,12345,100,747,797,100,0.10833322,0.7384612033132588
809,xxx,0.0799999,67890,100,747,797,100,0.14499992,0.5517237526751738
810,keep_knowledge,0.06166658,1111,100,777,827,100,0.1066665599999999,0.5781247656247662
811,keep_knowledge,0.06499994,2222,100,777,827,100,0.1099998599999999,0.5909092975209247
812,keep_knowledge,0.06666662,4444,100,777,827,100,0.1366666399999999,0.48780463176675776
813,keep_knowledge,0.04333326,5555,100,777,827,100,0.1333332399999999,0.3249996774997745
814,keep_knowledge,0.0549999,6666,100,777,827,100,0.0949998999999999,0.5789469252072903
815,keep_knowledge,0.0533333,7777,100,777,827,100,0.1249999399999999,0.42666660479997065
816,keep_knowledge,0.05333322,8888,100,777,827,100,0.1783332999999999,0.29906484094669944
817,keep_knowledge,0.05166658,9999,100,777,827,100,0.1116665199999999,0.46268639875228534
818,keep_knowledge,0.05333326,12345,100,777,827,100,0.1116665799999999,0.4776116542657619
819,keep_knowledge,0.05999996,67890,100,777,827,100,0.1033332999999999,0.5806449614983752
820,clear_knowledge,0.05166662,1111,100,777,827,100,0.1066665599999999,0.4843750468750474
821,clear_knowledge,0.05499992,2222,100,777,827,100,0.1099998599999999,0.4999999090907939
822,clear_knowledge,0.05499998,4444,100,777,827,100,0.1366666399999999,0.40243895657345524
823,clear_knowledge,0.05499996,5555,100,777,827,100,0.1333332399999999,0.4124999887499924
824,clear_knowledge,0.05499996,6666,100,777,827,100,0.0949998999999999,0.5789475567869025
825,clear_knowledge,0.05166666,7777,100,777,827,100,0.1249999399999999,0.41333347840006995
826,clear_knowledge,0.05333322,8888,100,777,827,100,0.1783332999999999,0.29906484094669944
827,clear_knowledge,0.05166664,9999,100,777,827,100,0.1116665199999999,0.4626869360664239
828,clear_knowledge,0.05333324,12345,100,777,827,100,0.1116665799999999,0.47761147516114527
829,clear_knowledge,0.0533333,67890,100,777,827,100,0.1033332999999999,0.5161288761706057
830,xxx,0.05333328,1111,100,777,827,100,0.1066665599999999,0.5000000000000004
831,xxx,0.0583333,2222,100,777,827,100,0.1099998599999999,0.5303034022043306
832,xxx,0.06499996,4444,100,777,827,100,0.1366666399999999,0.4756095562164991
833,xxx,0.04166662,5555,100,777,827,100,0.1333332399999999,0.31249986874990837
834,xxx,0.0416666,6666,100,777,827,100,0.0949998999999999,0.438596251153949
835,xxx,0.06166658,7777,100,777,827,100,0.1249999399999999,0.4933328767997812
836,xxx,0.03833324,8888,100,777,827,100,0.1783332999999999,0.2149527878416427
837,xxx,0.05166658,9999,100,777,827,100,0.1116665199999999,0.46268639875228534
838,xxx,0.04833328,12345,100,777,827,100,0.1116665799999999,0.4328356792157514
839,xxx,0.0516666,67890,100,777,827,100,0.1033332999999999,0.4999995161288766
840,keep_knowledge,0.0433333,1111,100,781,831,100,0.0999999199999999,0.4333333466666778
841,keep_knowledge,0.04999994,2222,100,781,831,100,0.09499994,0.5263154903045202
842,keep_knowledge,0.05499998,4444,100,781,831,100,0.08666654,0.634616081361965
843,keep_knowledge,0.03833324,5555,100,781,831,100,0.1016666,0.37704850954000624
844,keep_knowledge,0.05666658,6666,100,781,831,100,0.1249999599999999,0.4533327850664916
845,keep_knowledge,0.06166662,7777,100,781,831,100,0.0949999599999999,0.6491225891042487
846,keep_knowledge,0.05333324,8888,100,781,831,100,0.1033333199999999,0.5161281956294451
847,keep_knowledge,0.0499999,9999,100,781,831,100,0.1166665599999999,0.42857096326488103
848,keep_knowledge,0.05833322,12345,100,781,831,100,0.1166666399999999,0.49999914285694735
849,keep_knowledge,0.04833322,67890,100,781,831,100,0.1099999,0.4393933085393714
850,clear_knowledge,0.0483333,1111,100,781,831,100,0.0999999199999999,0.4833333866667099
851,clear_knowledge,0.0399999,2222,100,781,831,100,0.09499994,0.42105184487484937
852,clear_knowledge,0.05166664,4444,100,781,831,100,0.08666654,0.5961544097641374
853,clear_knowledge,0.03666658,5555,100,781,831,100,0.1016666,0.3606551217410634
854,clear_knowledge,0.05166662,6666,100,781,831,100,0.1249999599999999,0.4133330922665899
855,clear_knowledge,0.06833326,7777,100,781,831,100,0.0949999599999999,0.7192977765464331
856,clear_knowledge,0.0583333,8888,100,781,831,100,0.1033333199999999,0.5645158792923721
857,clear_knowledge,0.0499999,9999,100,781,831,100,0.1166665599999999,0.42857096326488103
858,clear_knowledge,0.05833322,12345,100,781,831,100,0.1166666399999999,0.49999914285694735
859,clear_knowledge,0.0533332,67890,100,781,831,100,0.1099999,0.48484771349792133
860,xxx,0.0433333,1111,100,781,831,100,0.0999999199999999,0.4333333466666778
861,xxx,0.04999994,2222,100,781,831,100,0.09499994,0.5263154903045202
862,xxx,0.05499998,4444,100,781,831,100,0.08666654,0.634616081361965
863,xxx,0.03666658,5555,100,781,831,100,0.1016666,0.3606551217410634
864,xxx,0.05999992,6666,100,781,831,100,0.1249999599999999,0.4799995135998447
865,xxx,0.06166662,7777,100,781,831,100,0.0949999599999999,0.6491225891042487
866,xxx,0.05333324,8888,100,781,831,100,0.1033333199999999,0.5161281956294451
867,xxx,0.0499999,9999,100,781,831,100,0.1166665599999999,0.42857096326488103
868,xxx,0.05833322,12345,100,781,831,100,0.1166666399999999,0.49999914285694735
869,xxx,0.04833322,67890,100,781,831,100,0.1099999,0.4393933085393714
870,keep_knowledge,0.08666662,1111,100,825,875,100,0.1349999199999999,0.6419753433927965
871,keep_knowledge,0.09166668,2222,100,825,875,100,0.12999998,0.7051284161736026
872,keep_knowledge,0.0583333,4444,100,825,875,100,0.09499992,0.6140352539244244
873,keep_knowledge,0.0933333199999999,5555,100,825,875,100,0.05666656,1.6470616885867062
874,keep_knowledge,0.11166662,6666,100,825,875,100,0.10999996,1.0151514600550764
875,keep_knowledge,0.0866666599999999,7777,100,825,875,100,0.11999996,0.7222224074074682
876,keep_knowledge,0.07833324,8888,100,825,875,100,0.0899999,0.8703703004114449
877,keep_knowledge,0.0716666,9999,100,825,875,100,0.12333322,0.5810810745069334
878,keep_knowledge,0.1149999799999999,12345,100,825,875,100,0.1466666199999999,0.7840910222107798
879,keep_knowledge,0.0883333,67890,100,825,875,100,0.1266665599999999,0.697368745152628
880,clear_knowledge,0.09666662,1111,100,825,875,100,0.1349999199999999,0.7160494613626442
881,clear_knowledge,0.07166658,2222,100,825,875,100,0.12999998,0.5512814694279183
882,clear_knowledge,0.05999994,4444,100,825,875,100,0.09499992,0.6315788476453454
883,clear_knowledge,0.1099999799999999,5555,100,825,875,100,0.05666656,1.9411797716325097
884,clear_knowledge,0.10666668,6666,100,825,875,100,0.10999996,0.9696974435263431
885,clear_knowledge,0.07666652,7777,100,825,875,100,0.11999996,0.6388878796292932
886,clear_knowledge,0.10333328,8888,100,825,875,100,0.0899999,1.1481488312764794
887,clear_knowledge,0.09166662,9999,100,825,875,100,0.12333322,0.7432435478454225
888,clear_knowledge,0.1149999799999999,12345,100,825,875,100,0.1466666199999999,0.7840910222107798
889,clear_knowledge,0.0916666,67890,100,825,875,100,0.1266665599999999,0.7236842936288794
890,xxx,0.0966667,1111,100,825,875,100,0.1349999199999999,0.716050053955588
891,xxx,0.0816666799999999,2222,100,825,875,100,0.12999998,0.6282053274162035
892,xxx,0.08499994,4444,100,825,875,100,0.09499992,0.8947369639890222
893,xxx,0.0933333199999999,5555,100,825,875,100,0.05666656,1.6470616885867062
894,xxx,0.1099999799999999,6666,100,825,875,100,0.10999996,1.0000001818182471
895,xxx,0.08,7777,100,825,875,100,0.11999996,0.666666888888963
896,xxx,0.07999998,8888,100,825,875,100,0.0899999,0.8888896543218382
897,xxx,0.09499998,9999,100,825,875,100,0.12333322,0.7702708159245336
898,xxx,0.1199999799999999,12345,100,825,875,100,0.1466666199999999,0.8181819421487997
899,xxx,0.0883333,67890,100,825,875,100,0.1266665599999999,0.697368745152628
900,keep_knowledge,0.0616666599999999,1111,100,826,876,100,0.18166666,0.33944951704401843
901,keep_knowledge,0.03666656,2222,100,826,876,100,0.1049999399999999,0.34920553287935246
902,keep_knowledge,0.03333328,4444,100,826,876,100,0.0966666,0.34482727229467053
903,keep_knowledge,0.06833332,5555,100,826,876,100,0.0633332,1.0789494293672197
904,keep_knowledge,0.0483333199999999,6666,100,826,876,100,0.09499996,0.5087720036934742
905,keep_knowledge,0.0599999999999999,7777,100,826,876,100,0.10833326,0.5538465287576493
906,keep_knowledge,0.0283333,8888,100,826,876,100,0.0899999399999999,0.31481465432088096
907,keep_knowledge,0.03333326,9999,100,826,876,100,0.12499988,0.2666663359996826
908,keep_knowledge,0.05999994,12345,100,826,876,100,0.1533332599999999,0.39130414366719946
909,keep_knowledge,0.03499994,67890,100,826,876,100,0.1183332399999999,0.295774374131901
910,clear_knowledge,0.07999996,1111,100,826,876,100,0.18166666,0.44036676845382633
911,clear_knowledge,0.06166664,2222,100,826,876,100,0.1049999399999999,0.5873016689342876
912,clear_knowledge,0.04833326,4444,100,826,876,100,0.0966666,0.49999958620661117
913,clear_knowledge,0.0983333,5555,100,826,876,100,0.0633332,1.5526343213354132
914,clear_knowledge,0.0633333,6666,100,826,876,100,0.09499996,0.6666665964911985
915,clear_knowledge,0.0816666399999999,7777,100,826,876,100,0.10833326,0.7538464179883436
916,clear_knowledge,0.06999994,8888,100,826,876,100,0.0899999399999999,0.7777776296295317
917,clear_knowledge,0.06499992,9999,100,826,876,100,0.12499988,0.5199998591998649
918,clear_knowledge,0.0649999,12345,100,826,876,100,0.1533332599999999,0.42391259404515397
919,clear_knowledge,0.04833324,67890,100,826,876,100,0.1183332399999999,0.408450237650892
920,xxx,0.0616666399999999,1111,100,826,876,100,0.18166666,0.3394494069522712
921,xxx,0.0466666,2222,100,826,876,100,0.1049999399999999,0.44444406349184623
922,xxx,0.02499994,4444,100,826,876,100,0.0966666,0.2586202473243085
923,xxx,0.06833332,5555,100,826,876,100,0.0633332,1.0789494293672197
924,xxx,0.0466666599999999,6666,100,826,876,100,0.09499996,0.49122820683292817
925,xxx,0.05333334,7777,100,826,876,100,0.10833326,0.49230808710085894
926,xxx,0.0283333,8888,100,826,876,100,0.0899999399999999,0.31481465432088096
927,xxx,0.02999994,9999,100,826,876,100,0.12499988,0.2399997503997604
928,xxx,0.05999994,12345,100,826,876,100,0.1533332599999999,0.39130414366719946
929,xxx,0.03499994,67890,100,826,876,100,0.1183332399999999,0.295774374131901
930,keep_knowledge,0.06499998,1111,100,828,878,100,0.14666668,0.4431816415289417
931,keep_knowledge,0.03666656,2222,100,828,878,100,0.1183333,0.30985834080516644
932,keep_knowledge,0.03666662,4444,100,828,878,100,0.07833326,0.46808494884548396
933,keep_knowledge,0.06999998,5555,100,828,878,100,0.06833318,1.0243922498557803
934,keep_knowledge,0.0699999,6666,100,828,878,100,0.1049999199999999,0.6666662222218843
935,keep_knowledge,0.0566666599999999,7777,100,828,878,100,0.1133332199999999,0.5000004411769113
936,keep_knowledge,0.04166662,8888,100,828,878,100,0.1133332399999999,0.36764694982690016
937,keep_knowledge,0.0349999,9999,100,828,878,100,0.1216665799999999,0.2876706158749595
938,keep_knowledge,0.05666662,12345,100,828,878,100,0.1416665799999999,0.3999999152940661
939,keep_knowledge,0.03333324,67890,100,828,878,100,0.1249998599999999,0.26666621866616513
940,clear_knowledge,0.0783333,1111,100,828,878,100,0.14666668,0.5340906332644879
941,clear_knowledge,0.06333332,2222,100,828,878,100,0.1183333,0.5352113056933255
942,clear_knowledge,0.0516666,4444,100,828,878,100,0.07833326,0.6595742344950281
943,clear_knowledge,0.0983333,5555,100,828,878,100,0.06833318,1.4390271314755148
944,clear_knowledge,0.06166662,6666,100,828,878,100,0.1049999199999999,0.5873015903250217
945,clear_knowledge,0.07333332,7777,100,828,878,100,0.1133332199999999,0.6470593529417064
946,clear_knowledge,0.07999996,8888,100,828,878,100,0.1133332399999999,0.7058825813150675
947,clear_knowledge,0.07666658,9999,100,828,878,100,0.1216665799999999,0.6301367228371182
948,clear_knowledge,0.05833326,12345,100,828,878,100,0.1416665799999999,0.411764440138246
949,clear_knowledge,0.04166654,67890,100,828,878,100,0.1249998599999999,0.33333269333261684
950,xxx,0.0616666399999999,1111,100,828,878,100,0.14666668,0.42045432541324246
951,xxx,0.0466666,2222,100,828,878,100,0.1183333,0.39436574489175913
952,xxx,0.02999992,4444,100,828,878,100,0.07833326,0.3829780606603121
953,xxx,0.06999998,5555,100,828,878,100,0.06833318,1.0243922498557803
954,xxx,0.0616666,6666,100,828,878,100,0.1049999199999999,0.5873013998486862
955,xxx,0.0549999999999999,7777,100,828,878,100,0.1133332199999999,0.4852946029416613
956,xxx,0.0283333,8888,100,828,878,100,0.1133332399999999,0.24999991176463343
957,xxx,0.0349999,9999,100,828,878,100,0.1216665799999999,0.2876706158749595
958,xxx,0.05499988,12345,100,828,878,100,0.1416665799999999,0.3882346845671014
959,xxx,0.03333324,67890,100,828,878,100,0.1249998599999999,0.26666621866616513
