,compare,threshold,seed,human_seed,updates,utility
0,interaction,0.1,3333,100,184,0.0001
1,interaction,0.1,3333,200,190,0.0
2,interaction,0.1,3333,300,176,0.0
3,interaction,0.1,3333,400,198,0.0
4,interaction,0.1,3333,500,195,0.0
5,interaction,0.2,3333,100,184,0.0001
6,interaction,0.2,3333,200,190,0.0
7,interaction,0.2,3333,300,176,0.0
8,interaction,0.2,3333,400,198,0.0
9,interaction,0.2,3333,500,195,0.0
10,interaction,0.3,3333,100,184,0.0001
11,interaction,0.3,3333,200,190,0.0
12,interaction,0.3,3333,300,176,0.0
13,interaction,0.3,3333,400,198,0.0
14,interaction,0.3,3333,500,195,0.0
15,interaction,0.4,3333,100,184,0.0001
16,interaction,0.4,3333,200,190,0.0
17,interaction,0.4,3333,300,176,0.0
18,interaction,0.4,3333,400,198,0.0
19,interaction,0.4,3333,500,195,0.0
20,interaction,0.5,3333,100,184,0.0001
21,interaction,0.5,3333,200,190,0.0
22,interaction,0.5,3333,300,176,0.0
23,interaction,0.5,3333,400,198,0.0
24,interaction,0.5,3333,500,195,0.0
25,interaction,0.6,3333,100,184,0.0001
26,interaction,0.6,3333,200,190,0.0
27,interaction,0.6,3333,300,176,0.0
28,interaction,0.6,3333,400,198,0.0
29,interaction,0.6,3333,500,195,0.0
30,interaction,0.7,3333,100,184,0.0001
31,interaction,0.7,3333,200,190,0.0
32,interaction,0.7,3333,300,176,0.0
33,interaction,0.7,3333,400,198,0.0
34,interaction,0.7,3333,500,195,0.0
35,interaction,0.8,3333,100,184,0.0001
36,interaction,0.8,3333,200,190,0.0
37,interaction,0.8,3333,300,176,0.0
38,interaction,0.8,3333,400,198,0.0
39,interaction,0.8,3333,500,195,0.0
40,interaction,0.9,3333,100,184,0.0001
41,interaction,0.9,3333,200,190,0.0
42,interaction,0.9,3333,300,176,0.0
43,interaction,0.9,3333,400,198,0.0
44,interaction,0.9,3333,500,195,0.0
45,interaction,1.0,3333,100,174,0.0019
46,interaction,1.0,3333,200,177,0.0028
47,interaction,1.0,3333,300,169,0.0021
48,interaction,1.0,3333,400,187,0.0032
49,interaction,1.0,3333,500,173,0.0027
50,interaction,1.2,3333,100,155,0.0066999999999999
51,interaction,1.2,3333,200,151,0.0074999999999999
52,interaction,1.2,3333,300,151,0.0069999999999999
53,interaction,1.2,3333,400,159,0.0077999999999999
54,interaction,1.2,3333,500,165,0.0068999999999999
55,interaction,1.4,3333,100,153,0.0065999999999999
56,interaction,1.4,3333,200,143,0.0077999999999999
57,interaction,1.4,3333,300,148,0.0072999999999999
58,interaction,1.4,3333,400,160,0.0084999999999999
59,interaction,1.4,3333,500,167,0.0077999999999999
60,interaction,1.6,3333,100,139,0.0076999999999999
61,interaction,1.6,3333,200,139,0.0085999999999999
62,interaction,1.6,3333,300,134,0.0076999999999999
63,interaction,1.6,3333,400,138,0.0079999999999999
64,interaction,1.6,3333,500,149,0.0079999999999999
65,interaction,1.8,3333,100,124,0.0083999999999999
66,interaction,1.8,3333,200,122,0.0099999999999999
67,interaction,1.8,3333,300,121,0.0095999999999999
68,interaction,1.8,3333,400,121,0.0094999999999999
69,interaction,1.8,3333,500,128,0.0087999999999999
70,interaction,2.0,3333,100,115,0.0114999999999999
71,interaction,2.0,3333,200,110,0.0113999999999999
72,interaction,2.0,3333,300,114,0.0114999999999999
73,interaction,2.0,3333,400,115,0.0115999999999999
74,interaction,2.0,3333,500,118,0.0120999999999999
75,interaction,2.2,3333,100,109,0.0134999999999999
76,interaction,2.2,3333,200,109,0.0134999999999999
77,interaction,2.2,3333,300,109,0.0117999999999999
78,interaction,2.2,3333,400,115,0.0130999999999999
79,interaction,2.2,3333,500,118,0.0133999999999999
80,interaction,2.4,3333,100,105,0.0137999999999999
81,interaction,2.4,3333,200,104,0.0124999999999999
82,interaction,2.4,3333,300,105,0.0130999999999999
83,interaction,2.4,3333,400,108,0.0154999999999999
84,interaction,2.4,3333,500,109,0.0141999999999999
85,interaction,2.6,3333,100,108,0.0149999999999999
86,interaction,2.6,3333,200,105,0.0138999999999999
87,interaction,2.6,3333,300,106,0.0149999999999999
88,interaction,2.6,3333,400,101,0.0151999999999999
89,interaction,2.6,3333,500,104,0.0139999999999999
90,interaction,2.8,3333,100,106,0.0145999999999999
91,interaction,2.8,3333,200,95,0.0145999999999999
92,interaction,2.8,3333,300,99,0.0169999999999999
93,interaction,2.8,3333,400,103,0.0152999999999999
94,interaction,2.8,3333,500,106,0.0158999999999999
95,interaction,3.0,3333,100,100,0.0166999999999999
96,interaction,3.0,3333,200,92,0.0148999999999999
97,interaction,3.0,3333,300,93,0.0177999999999999
98,interaction,3.0,3333,400,94,0.0176999999999999
99,interaction,3.0,3333,500,103,0.0160999999999999
100,interaction,3.2,3333,100,92,0.0178999999999999
101,interaction,3.2,3333,200,90,0.0166999999999999
102,interaction,3.2,3333,300,92,0.0195
103,interaction,3.2,3333,400,96,0.0180999999999999
104,interaction,3.2,3333,500,93,0.0172999999999999
105,interaction,3.4,3333,100,87,0.0180999999999999
106,interaction,3.4,3333,200,89,0.0168999999999999
107,interaction,3.4,3333,300,82,0.0203
108,interaction,3.4,3333,400,84,0.0172999999999999
109,interaction,3.4,3333,500,89,0.0188
110,interaction,3.6,3333,100,84,0.0182999999999999
111,interaction,3.6,3333,200,91,0.0206
112,interaction,3.6,3333,300,78,0.0209
113,interaction,3.6,3333,400,79,0.0189
114,interaction,3.6,3333,500,88,0.0202
115,interaction,3.8,3333,100,84,0.0185
116,interaction,3.8,3333,200,91,0.0227
117,interaction,3.8,3333,300,78,0.0213
118,interaction,3.8,3333,400,80,0.0196
119,interaction,3.8,3333,500,79,0.0192
120,interaction,4.0,3333,100,79,0.0189
121,interaction,4.0,3333,200,88,0.0225
122,interaction,4.0,3333,300,78,0.0199
123,interaction,4.0,3333,400,85,0.023
124,interaction,4.0,3333,500,84,0.0207
125,interaction,4.2,3333,100,74,0.0214
126,interaction,4.2,3333,200,79,0.0219
127,interaction,4.2,3333,300,76,0.0208
128,interaction,4.2,3333,400,75,0.0227
129,interaction,4.2,3333,500,77,0.022
130,interaction,4.4,3333,100,74,0.0218
131,interaction,4.4,3333,200,80,0.022
132,interaction,4.4,3333,300,77,0.021
133,interaction,4.4,3333,400,73,0.0212
134,interaction,4.4,3333,500,75,0.022
135,interaction,4.6,3333,100,77,0.0243
136,interaction,4.6,3333,200,75,0.0229
137,interaction,4.6,3333,300,76,0.0234
138,interaction,4.6,3333,400,76,0.0229
139,interaction,4.6,3333,500,79,0.0237
140,interaction,4.8,3333,100,82,0.0275
141,interaction,4.8,3333,200,74,0.0253
142,interaction,4.8,3333,300,74,0.0254
143,interaction,4.8,3333,400,75,0.026
144,interaction,4.8,3333,500,75,0.0239
145,interaction,5.0,3333,100,79,0.0265
146,interaction,5.0,3333,200,73,0.0244
147,interaction,5.0,3333,300,70,0.0241
148,interaction,5.0,3333,400,72,0.0265
149,interaction,5.0,3333,500,70,0.0251
150,interaction,10.0,3333,100,51,0.0446000000000002
151,interaction,10.0,3333,200,44,0.0367000000000001
152,interaction,10.0,3333,300,49,0.0431000000000002
153,interaction,10.0,3333,400,46,0.0366000000000001
154,interaction,10.0,3333,500,51,0.0403000000000002
155,interaction,15.0,3333,100,35,0.0465000000000002
156,interaction,15.0,3333,200,33,0.0459000000000002
157,interaction,15.0,3333,300,41,0.0552000000000003
158,interaction,15.0,3333,400,35,0.0445000000000002
159,interaction,15.0,3333,500,38,0.0465000000000002
160,interaction,20.0,3333,100,29,0.0754
161,interaction,20.0,3333,200,20,0.0553000000000003
162,interaction,20.0,3333,300,31,0.0630000000000003
163,interaction,20.0,3333,400,28,0.0580000000000003
164,interaction,20.0,3333,500,29,0.0536000000000002
165,interaction,25.0,3333,100,19,0.0696
166,interaction,25.0,3333,200,22,0.0637000000000003
167,interaction,25.0,3333,300,19,0.0647000000000002
168,interaction,25.0,3333,400,19,0.0572000000000003
169,interaction,25.0,3333,500,25,0.0639000000000003
170,interaction,30.0,3333,100,16,0.0965999999999996
171,interaction,30.0,3333,200,18,0.0652000000000003
172,interaction,30.0,3333,300,16,0.0808999999999999
173,interaction,30.0,3333,400,24,0.0711000000000001
174,interaction,30.0,3333,500,21,0.0697
175,interaction,35.0,3333,100,15,0.0750000000000003
176,interaction,35.0,3333,200,17,0.0844999999999997
177,interaction,35.0,3333,300,15,0.0984999999999998
178,interaction,35.0,3333,400,18,0.0943999999999998
179,interaction,35.0,3333,500,18,0.0859999999999998
180,interaction,40.0,3333,100,10,0.0820999999999999
181,interaction,40.0,3333,200,14,0.0765999999999998
182,interaction,40.0,3333,300,14,0.0824999999999997
183,interaction,40.0,3333,400,10,0.0849999999999998
184,interaction,40.0,3333,500,14,0.0891999999999998
185,interaction,45.0,3333,100,12,0.0997999999999997
186,interaction,45.0,3333,200,9,0.0872999999999996
187,interaction,45.0,3333,300,14,0.1035999999999996
188,interaction,45.0,3333,400,13,0.0947999999999996
189,interaction,45.0,3333,500,14,0.1024999999999997
190,interaction,50.0,3333,100,11,0.1145
191,interaction,50.0,3333,200,11,0.1162999999999996
192,interaction,50.0,3333,300,10,0.1077999999999994
193,interaction,50.0,3333,400,9,0.0988999999999993
194,interaction,50.0,3333,500,12,0.1018999999999993
195,position,0.05,3333,100,956,0.0
196,position,0.05,3333,200,955,0.0
197,position,0.05,3333,300,955,0.0
198,position,0.05,3333,400,954,0.0001
199,position,0.05,3333,500,955,0.0
200,position,0.1,3333,100,885,0.0002
201,position,0.1,3333,200,883,0.0
202,position,0.1,3333,300,885,0.0002
203,position,0.1,3333,400,881,0.0
204,position,0.1,3333,500,882,0.0001
205,position,0.15,3333,100,611,0.0010999999999999
206,position,0.15,3333,200,611,0.0005
207,position,0.15,3333,300,616,0.0006
208,position,0.15,3333,400,615,0.0004
209,position,0.15,3333,500,615,0.0007999999999999
210,position,0.2,3333,100,533,0.0014
211,position,0.2,3333,200,538,0.0009999999999999
212,position,0.2,3333,300,534,0.0007
213,position,0.2,3333,400,537,0.0007999999999999
214,position,0.2,3333,500,536,0.0012
215,position,0.25,3333,100,476,0.0023
216,position,0.25,3333,200,478,0.0018
217,position,0.25,3333,300,475,0.0012999999999999
218,position,0.25,3333,400,481,0.0014
219,position,0.25,3333,500,482,0.0013
220,position,0.3,3333,100,428,0.0031
221,position,0.3,3333,200,431,0.0022
222,position,0.3,3333,300,427,0.0016
223,position,0.3,3333,400,432,0.0015
224,position,0.3,3333,500,435,0.0018
225,position,0.35,3333,100,392,0.0031
226,position,0.35,3333,200,398,0.0021
227,position,0.35,3333,300,395,0.0019
228,position,0.35,3333,400,395,0.0018
229,position,0.35,3333,500,404,0.0021
230,position,0.4,3333,100,365,0.0041
231,position,0.4,3333,200,371,0.0022
232,position,0.4,3333,300,368,0.0021
233,position,0.4,3333,400,370,0.0024
234,position,0.4,3333,500,375,0.0021
235,position,0.45,3333,100,346,0.0042
236,position,0.45,3333,200,350,0.0027
237,position,0.45,3333,300,354,0.0022
238,position,0.45,3333,400,355,0.0027
239,position,0.45,3333,500,357,0.003
240,position,0.5,3333,100,342,0.0036
241,position,0.5,3333,200,340,0.0028
242,position,0.5,3333,300,336,0.0018
243,position,0.5,3333,400,340,0.0027
244,position,0.5,3333,500,346,0.0031
245,position,0.55,3333,100,326,0.0045
246,position,0.55,3333,200,326,0.0028
247,position,0.55,3333,300,321,0.0018
248,position,0.55,3333,400,330,0.0027
249,position,0.55,3333,500,339,0.0033
250,position,0.6,3333,100,312,0.004
251,position,0.6,3333,200,314,0.0027
252,position,0.6,3333,300,310,0.0019
253,position,0.6,3333,400,321,0.0022
254,position,0.6,3333,500,324,0.003
255,position,0.65,3333,100,303,0.0052
256,position,0.65,3333,200,307,0.0033
257,position,0.65,3333,300,304,0.0021
258,position,0.65,3333,400,307,0.0027
259,position,0.65,3333,500,307,0.0033
260,position,0.7,3333,100,296,0.0053999999999999
261,position,0.7,3333,200,301,0.0034
262,position,0.7,3333,300,297,0.002
263,position,0.7,3333,400,301,0.003
264,position,0.7,3333,500,300,0.0038
265,position,0.75,3333,100,286,0.0056999999999999
266,position,0.75,3333,200,295,0.0034
267,position,0.75,3333,300,289,0.0026
268,position,0.75,3333,400,291,0.0033
269,position,0.75,3333,500,292,0.0042
270,position,0.8,3333,100,282,0.0051999999999999
271,position,0.8,3333,200,288,0.0029
272,position,0.8,3333,300,284,0.0027
273,position,0.8,3333,400,291,0.0031
274,position,0.8,3333,500,289,0.0039
275,position,0.85,3333,100,277,0.0058999999999999
276,position,0.85,3333,200,279,0.0037
277,position,0.85,3333,300,281,0.0028
278,position,0.85,3333,400,283,0.0041
279,position,0.85,3333,500,282,0.004
280,position,0.9,3333,100,270,0.005
281,position,0.9,3333,200,275,0.0034
282,position,0.9,3333,300,277,0.0026
283,position,0.9,3333,400,279,0.0042
284,position,0.9,3333,500,278,0.0044
285,position,0.95,3333,100,268,0.0052999999999999
286,position,0.95,3333,200,275,0.0032
287,position,0.95,3333,300,275,0.0036
288,position,0.95,3333,400,272,0.0041
289,position,0.95,3333,500,275,0.0048
290,position,1.0,3333,100,260,0.0049999999999999
291,position,1.0,3333,200,265,0.003
292,position,1.0,3333,300,271,0.0028
293,position,1.0,3333,400,268,0.0041
294,position,1.0,3333,500,272,0.0039
295,position,2.0,3333,100,207,0.0085999999999999
296,position,2.0,3333,200,209,0.0048
297,position,2.0,3333,300,210,0.0063999999999999
298,position,2.0,3333,400,217,0.0088999999999999
299,position,2.0,3333,500,209,0.0078999999999999
300,position,3.0,3333,100,161,0.0130999999999999
301,position,3.0,3333,200,165,0.0080999999999999
302,position,3.0,3333,300,176,0.0101999999999999
303,position,3.0,3333,400,162,0.0122999999999999
304,position,3.0,3333,500,171,0.0110999999999999
305,position,4.0,3333,100,143,0.0151999999999999
306,position,4.0,3333,200,147,0.0107999999999999
307,position,4.0,3333,300,149,0.0105999999999999
308,position,4.0,3333,400,151,0.0135999999999999
309,position,4.0,3333,500,144,0.0115999999999999
310,position,5.0,3333,100,124,0.0191999999999999
311,position,5.0,3333,200,121,0.0130999999999999
312,position,5.0,3333,300,114,0.0140999999999999
313,position,5.0,3333,400,123,0.0211
314,position,5.0,3333,500,114,0.0143999999999999
315,position,6.0,3333,100,98,0.0249
316,position,6.0,3333,200,104,0.0161999999999999
317,position,6.0,3333,300,96,0.0184999999999999
318,position,6.0,3333,400,100,0.0247
319,position,6.0,3333,500,95,0.0239
320,position,7.0,3333,100,82,0.0244
321,position,7.0,3333,200,85,0.0211
322,position,7.0,3333,300,93,0.0238
323,position,7.0,3333,400,84,0.0243
324,position,7.0,3333,500,74,0.025
325,position,8.0,3333,100,74,0.0244
326,position,8.0,3333,200,71,0.0218
327,position,8.0,3333,300,74,0.0314000000000001
328,position,8.0,3333,400,71,0.0294000000000001
329,position,8.0,3333,500,70,0.0282
330,position,9.0,3333,100,57,0.0298
331,position,9.0,3333,200,67,0.0325000000000001
332,position,9.0,3333,300,69,0.0329000000000001
333,position,9.0,3333,400,64,0.0336000000000001
334,position,9.0,3333,500,72,0.0334
335,position,10.0,3333,100,51,0.0397000000000002
336,position,10.0,3333,200,64,0.0306
337,position,10.0,3333,300,56,0.0447000000000002
338,position,10.0,3333,400,59,0.0360000000000001
339,position,10.0,3333,500,65,0.0358000000000001
340,position,11.0,3333,100,50,0.0419000000000001
341,position,11.0,3333,200,57,0.0373000000000001
342,position,11.0,3333,300,58,0.0364000000000001
343,position,11.0,3333,400,48,0.0462000000000001
344,position,11.0,3333,500,58,0.0460000000000002
345,position,12.0,3333,100,54,0.0467000000000002
346,position,12.0,3333,200,54,0.0377000000000001
347,position,12.0,3333,300,50,0.0448000000000002
348,position,12.0,3333,400,48,0.0502000000000002
349,position,12.0,3333,500,44,0.0524000000000002
350,position,13.0,3333,100,46,0.0476000000000002
351,position,13.0,3333,200,46,0.0448000000000001
352,position,13.0,3333,300,46,0.0551000000000003
353,position,13.0,3333,400,48,0.0517000000000003
354,position,13.0,3333,500,46,0.0496000000000003
355,position,14.0,3333,100,41,0.0419000000000002
356,position,14.0,3333,200,49,0.0568000000000002
357,position,14.0,3333,300,45,0.0527000000000002
358,position,14.0,3333,400,34,0.0502000000000002
359,position,14.0,3333,500,44,0.0604000000000002
360,position,15.0,3333,100,36,0.0523000000000003
361,position,15.0,3333,200,36,0.0619000000000003
362,position,15.0,3333,300,36,0.0456000000000002
363,position,15.0,3333,400,38,0.0534000000000003
364,position,15.0,3333,500,37,0.0539000000000003
365,position,16.0,3333,100,33,0.0596000000000003
366,position,16.0,3333,200,37,0.0729
367,position,16.0,3333,300,43,0.0702000000000001
368,position,16.0,3333,400,35,0.0675000000000001
369,position,16.0,3333,500,32,0.0556000000000003
370,position,17.0,3333,100,31,0.0550000000000003
371,position,17.0,3333,200,34,0.0613000000000004
372,position,17.0,3333,300,29,0.0584000000000002
373,position,17.0,3333,400,36,0.0611000000000003
374,position,17.0,3333,500,33,0.0709
375,position,18.0,3333,100,31,0.0649000000000003
376,position,18.0,3333,200,28,0.0739999999999997
377,position,18.0,3333,300,31,0.0780000000000003
378,position,18.0,3333,400,31,0.0804000000000002
379,position,18.0,3333,500,28,0.0768999999999999
380,position,19.0,3333,100,25,0.0721000000000002
381,position,19.0,3333,200,28,0.0764
382,position,19.0,3333,300,30,0.0781000000000002
383,position,19.0,3333,400,25,0.0775999999999999
384,position,19.0,3333,500,24,0.0700000000000001
385,position,20.0,3333,100,21,0.0885999999999996
386,position,20.0,3333,200,21,0.0703
387,position,20.0,3333,300,22,0.0874999999999999
388,position,20.0,3333,400,29,0.0790999999999999
389,position,20.0,3333,500,22,0.0764999999999999
390,position,25.0,3333,100,18,0.0695000000000002
391,position,25.0,3333,200,16,0.0917999999999998
392,position,25.0,3333,300,19,0.0879999999999997
393,position,25.0,3333,400,17,0.0771999999999999
394,position,25.0,3333,500,20,0.0855999999999997
395,position,30.0,3333,100,14,0.1099999999999997
396,position,30.0,3333,200,11,0.0733000000000002
397,position,30.0,3333,300,13,0.1022999999999996
398,position,30.0,3333,400,14,0.0915999999999997
399,position,30.0,3333,500,14,0.0826999999999999
400,position,35.0,3333,100,11,0.0751999999999999
401,position,35.0,3333,200,13,0.0887999999999997
402,position,35.0,3333,300,8,0.1109999999999998
403,position,35.0,3333,400,10,0.0953999999999997
404,position,35.0,3333,500,12,0.1193999999999996
405,position,40.0,3333,100,9,0.1168999999999994
406,position,40.0,3333,200,7,0.0744000000000001
407,position,40.0,3333,300,10,0.1149999999999997
408,position,40.0,3333,400,9,0.0975999999999997
409,position,40.0,3333,500,8,0.0986999999999997
410,position,45.0,3333,100,5,0.1409999999999991
411,position,45.0,3333,200,5,0.1216999999999997
412,position,45.0,3333,300,8,0.1137999999999996
413,position,45.0,3333,400,10,0.1060999999999997
414,position,45.0,3333,500,5,0.1201999999999995
415,position,50.0,3333,100,8,0.1247999999999997
416,position,50.0,3333,200,5,0.1023999999999997
417,position,50.0,3333,300,4,0.1520999999999989
418,position,50.0,3333,400,5,0.1205999999999996
419,position,50.0,3333,500,4,0.1169999999999994
420,position,55.0,3333,100,5,0.1143999999999994
421,position,55.0,3333,200,4,0.1262999999999995
422,position,55.0,3333,300,4,0.1086999999999998
423,position,55.0,3333,400,5,0.1157999999999996
424,position,55.0,3333,500,3,0.1126999999999996
425,position,60.0,3333,100,5,0.0963999999999999
426,position,60.0,3333,200,4,0.1302999999999996
427,position,60.0,3333,300,3,0.1336999999999991
428,position,60.0,3333,400,4,0.1241999999999998
429,position,60.0,3333,500,3,0.1015999999999998
430,position,65.0,3333,100,3,0.1303999999999997
431,position,65.0,3333,200,3,0.1296999999999997
432,position,65.0,3333,300,4,0.1376999999999991
433,position,65.0,3333,400,4,0.1053999999999996
434,position,65.0,3333,500,2,0.1300999999999996
435,position,70.0,3333,100,2,0.1244999999999996
436,position,70.0,3333,200,2,0.1256
437,position,70.0,3333,300,2,0.145599999999999
438,position,70.0,3333,400,4,0.1025999999999998
439,position,70.0,3333,500,2,0.1373999999999995
440,position,75.0,3333,100,2,0.0974999999999997
441,position,75.0,3333,200,2,0.1148999999999996
442,position,75.0,3333,300,2,0.1221999999999991
443,position,75.0,3333,400,2,0.1384999999999998
444,position,75.0,3333,500,2,0.0912999999999997
445,position,80.0,3333,100,1,0.1197
446,position,80.0,3333,200,2,0.0955999999999995
447,position,80.0,3333,300,1,0.144099999999999
448,position,80.0,3333,400,3,0.1102999999999997
449,position,80.0,3333,500,2,0.0975999999999998
450,position,85.0,3333,100,2,0.1493999999999997
451,position,85.0,3333,200,1,0.1146000000000001
452,position,85.0,3333,300,1,0.1388999999999991
453,position,85.0,3333,400,1,0.1166000000000001
454,position,85.0,3333,500,2,0.1159999999999997
455,position,90.0,3333,100,1,0.1148999999999994
456,position,90.0,3333,200,1,0.1309999999999999
457,position,90.0,3333,300,1,0.1492999999999995
458,position,90.0,3333,400,1,0.1166000000000001
459,position,90.0,3333,500,1,0.1137000000000001
460,position,95.0,3333,100,1,0.1425999999999994
461,position,95.0,3333,200,1,0.1274999999999998
462,position,95.0,3333,300,1,0.1475999999999988
463,position,95.0,3333,400,1,0.1241999999999996
464,position,95.0,3333,500,1,0.1264999999999993
465,position_all,1.0,3333,100,980,0.0
466,position_all,1.0,3333,200,981,0.0
467,position_all,1.0,3333,300,984,0.0
468,position_all,1.0,3333,400,984,0.0
469,position_all,1.0,3333,500,984,0.0
470,position_all,2.0,3333,100,975,0.0
471,position_all,2.0,3333,200,976,0.0001
472,position_all,2.0,3333,300,961,0.0001
473,position_all,2.0,3333,400,958,0.0
474,position_all,2.0,3333,500,971,0.0
475,position_all,3.0,3333,100,934,0.0006
476,position_all,3.0,3333,200,925,0.0008999999999999
477,position_all,3.0,3333,300,927,0.0007999999999999
478,position_all,3.0,3333,400,933,0.0015
479,position_all,3.0,3333,500,944,0.0004
480,position_all,4.0,3333,100,891,0.0010999999999999
481,position_all,4.0,3333,200,869,0.0014
482,position_all,4.0,3333,300,862,0.0015
483,position_all,4.0,3333,400,831,0.0019
484,position_all,4.0,3333,500,870,0.0015
485,position_all,5.0,3333,100,793,0.0053999999999999
486,position_all,5.0,3333,200,742,0.0035
487,position_all,5.0,3333,300,752,0.003
488,position_all,5.0,3333,400,826,0.0025
489,position_all,5.0,3333,500,758,0.0042
490,position_all,6.0,3333,100,625,0.0088999999999999
491,position_all,6.0,3333,200,656,0.0066999999999999
492,position_all,6.0,3333,300,667,0.0069999999999999
493,position_all,6.0,3333,400,614,0.0076999999999999
494,position_all,6.0,3333,500,616,0.0069999999999999
495,position_all,7.0,3333,100,466,0.0122999999999999
496,position_all,7.0,3333,200,487,0.0092999999999999
497,position_all,7.0,3333,300,541,0.0131999999999999
498,position_all,7.0,3333,400,472,0.0111999999999999
499,position_all,7.0,3333,500,390,0.0101999999999999
500,position_all,8.0,3333,100,283,0.0202
501,position_all,8.0,3333,200,320,0.0152999999999999
502,position_all,8.0,3333,300,277,0.0212
503,position_all,8.0,3333,400,323,0.0178999999999999
504,position_all,8.0,3333,500,293,0.0160999999999999
505,position_all,9.0,3333,100,200,0.024
506,position_all,9.0,3333,200,225,0.0232
507,position_all,9.0,3333,300,192,0.0315
508,position_all,9.0,3333,400,199,0.0229
509,position_all,9.0,3333,500,196,0.022
510,position_all,10.0,3333,100,135,0.0274000000000001
511,position_all,10.0,3333,200,130,0.0275
512,position_all,10.0,3333,300,133,0.0339000000000001
513,position_all,10.0,3333,400,143,0.0276
514,position_all,10.0,3333,500,164,0.026
515,position_all,11.0,3333,100,93,0.0294
516,position_all,11.0,3333,200,112,0.0281
517,position_all,11.0,3333,300,83,0.0323000000000001
518,position_all,11.0,3333,400,130,0.0306
519,position_all,11.0,3333,500,95,0.0307
520,position_all,12.0,3333,100,85,0.0327000000000001
521,position_all,12.0,3333,200,66,0.0351000000000001
522,position_all,12.0,3333,300,77,0.0428000000000002
523,position_all,12.0,3333,400,75,0.0343000000000001
524,position_all,12.0,3333,500,69,0.0424000000000002
525,position_all,13.0,3333,100,65,0.0357000000000001
526,position_all,13.0,3333,200,61,0.0387000000000001
527,position_all,13.0,3333,300,62,0.0442000000000002
528,position_all,13.0,3333,400,53,0.0448000000000002
529,position_all,13.0,3333,500,59,0.0375000000000001
530,position_all,14.0,3333,100,51,0.0442000000000002
531,position_all,14.0,3333,200,55,0.0519000000000002
532,position_all,14.0,3333,300,53,0.0487000000000002
533,position_all,14.0,3333,400,57,0.0428000000000002
534,position_all,14.0,3333,500,50,0.0437000000000002
535,position_all,15.0,3333,100,55,0.0461000000000002
536,position_all,15.0,3333,200,44,0.0552000000000003
537,position_all,15.0,3333,300,50,0.0536000000000002
538,position_all,15.0,3333,400,48,0.0446000000000002
539,position_all,15.0,3333,500,53,0.0534000000000002
540,position_all,16.0,3333,100,41,0.0451000000000002
541,position_all,16.0,3333,200,39,0.0581000000000004
542,position_all,16.0,3333,300,51,0.0499000000000003
543,position_all,16.0,3333,400,40,0.0548000000000003
544,position_all,16.0,3333,500,43,0.0566000000000003
545,position_all,17.0,3333,100,43,0.0479000000000003
546,position_all,17.0,3333,200,35,0.0622000000000004
547,position_all,17.0,3333,300,46,0.0561000000000002
548,position_all,17.0,3333,400,41,0.0591000000000004
549,position_all,17.0,3333,500,47,0.0589000000000002
550,position_all,18.0,3333,100,36,0.0582000000000003
551,position_all,18.0,3333,200,39,0.0503000000000003
552,position_all,18.0,3333,300,44,0.0515000000000002
553,position_all,18.0,3333,400,36,0.0616000000000002
554,position_all,18.0,3333,500,37,0.0639000000000003
555,position_all,19.0,3333,100,28,0.0615000000000002
556,position_all,19.0,3333,200,35,0.0668000000000002
557,position_all,19.0,3333,300,28,0.0612000000000003
558,position_all,19.0,3333,400,39,0.074
559,position_all,19.0,3333,500,25,0.0569000000000003
560,position_all,20.0,3333,100,26,0.0664000000000003
561,position_all,20.0,3333,200,30,0.0530000000000004
562,position_all,20.0,3333,300,28,0.0799000000000001
563,position_all,20.0,3333,400,27,0.0781000000000002
564,position_all,20.0,3333,500,31,0.0698999999999999
565,position_all,25.0,3333,100,23,0.0923999999999996
566,position_all,25.0,3333,200,20,0.0711000000000001
567,position_all,25.0,3333,300,18,0.0946999999999997
568,position_all,25.0,3333,400,21,0.0733000000000001
569,position_all,25.0,3333,500,23,0.0792000000000001
570,position_all,30.0,3333,100,14,0.0933
571,position_all,30.0,3333,200,12,0.0865999999999999
572,position_all,30.0,3333,300,17,0.1054999999999996
573,position_all,30.0,3333,400,15,0.0916999999999995
574,position_all,30.0,3333,500,16,0.0886999999999997
575,position_all,35.0,3333,100,13,0.1046999999999996
576,position_all,35.0,3333,200,11,0.0915999999999995
577,position_all,35.0,3333,300,12,0.1175999999999994
578,position_all,35.0,3333,400,13,0.0934999999999997
579,position_all,35.0,3333,500,7,0.1008999999999997
580,position_all,40.0,3333,100,7,0.1033999999999992
581,position_all,40.0,3333,200,9,0.1042999999999996
582,position_all,40.0,3333,300,9,0.1068999999999997
583,position_all,40.0,3333,400,11,0.0954999999999999
584,position_all,40.0,3333,500,10,0.0908999999999999
585,position_all,45.0,3333,100,7,0.1206999999999999
586,position_all,45.0,3333,200,6,0.1112999999999995
587,position_all,45.0,3333,300,6,0.1217999999999994
588,position_all,45.0,3333,400,9,0.1031999999999998
589,position_all,45.0,3333,500,9,0.1004999999999998
590,position_all,50.0,3333,100,7,0.1048999999999994
591,position_all,50.0,3333,200,5,0.1046999999999995
592,position_all,50.0,3333,300,5,0.1457999999999986
593,position_all,50.0,3333,400,5,0.130699999999999
594,position_all,50.0,3333,500,6,0.0950999999999995
595,position_all,55.0,3333,100,7,0.1106999999999998
596,position_all,55.0,3333,200,5,0.1265999999999997
597,position_all,55.0,3333,300,5,0.1515999999999988
598,position_all,55.0,3333,400,6,0.1229999999999997
599,position_all,55.0,3333,500,5,0.1137999999999994
600,position_all,60.0,3333,100,4,0.1247999999999997
601,position_all,60.0,3333,200,5,0.1172999999999999
602,position_all,60.0,3333,300,4,0.1231999999999998
603,position_all,60.0,3333,400,3,0.1157999999999996
604,position_all,60.0,3333,500,5,0.1398999999999992
605,position_all,65.0,3333,100,4,0.1137999999999997
606,position_all,65.0,3333,200,2,0.1017999999999996
607,position_all,65.0,3333,300,2,0.1346999999999992
608,position_all,65.0,3333,400,2,0.1419999999999993
609,position_all,65.0,3333,500,2,0.0966999999999998
610,position_all,70.0,3333,100,2,0.0950999999999999
611,position_all,70.0,3333,200,3,0.1158999999999998
612,position_all,70.0,3333,300,5,0.1246999999999995
613,position_all,70.0,3333,400,3,0.1058999999999998
614,position_all,70.0,3333,500,2,0.1305000000000001
615,position_all,75.0,3333,100,2,0.1235999999999998
616,position_all,75.0,3333,200,3,0.1073999999999998
617,position_all,75.0,3333,300,3,0.1393999999999991
618,position_all,75.0,3333,400,2,0.1246999999999997
619,position_all,75.0,3333,500,2,0.1086999999999997
620,position_all,80.0,3333,100,3,0.1243999999999998
621,position_all,80.0,3333,200,3,0.1187999999999996
622,position_all,80.0,3333,300,2,0.1568999999999996
623,position_all,80.0,3333,400,2,0.1288999999999997
624,position_all,80.0,3333,500,2,0.1088999999999998
625,position_all,85.0,3333,100,2,0.1017999999999995
626,position_all,85.0,3333,200,2,0.1339999999999997
627,position_all,85.0,3333,300,3,0.1475999999999989
628,position_all,85.0,3333,400,3,0.1497999999999993
629,position_all,85.0,3333,500,1,0.1083999999999995
630,position_all,90.0,3333,100,2,0.1228999999999995
631,position_all,90.0,3333,200,1,0.1113
632,position_all,90.0,3333,300,1,0.1397999999999989
633,position_all,90.0,3333,400,1,0.1166000000000001
634,position_all,90.0,3333,500,1,0.1196999999999999
635,position_all,95.0,3333,100,1,0.1241999999999994
636,position_all,95.0,3333,200,1,0.1355999999999996
637,position_all,95.0,3333,300,1,0.1431999999999989
638,position_all,95.0,3333,400,1,0.1665999999999995
639,position_all,95.0,3333,500,1,0.1205999999999997
