,update_mode,utility,seed,human_seed,init_time,update_time,duration
0,keep_knowledge,0.036000000000000004,1111,100,6,56,100
1,keep_knowledge,0.07200000000000004,2222,100,6,56,100
2,keep_knowledge,0.05200000000000002,4444,100,6,56,100
3,keep_knowledge,0.052000000000000025,5555,100,6,56,100
4,keep_knowledge,0.06400000000000003,6666,100,6,56,100
5,keep_knowledge,0.09000000000000004,7777,100,6,56,100
6,keep_knowledge,0.06600000000000002,8888,100,6,56,100
7,keep_knowledge,0.04000000000000001,9999,100,6,56,100
8,keep_knowledge,0.06000000000000002,12345,100,6,56,100
9,keep_knowledge,0.06600000000000003,67890,100,6,56,100
10,clear_knowledge,0.08200000000000003,1111,100,6,56,100
11,clear_knowledge,0.060000000000000026,2222,100,6,56,100
12,clear_knowledge,0.03200000000000001,4444,100,6,56,100
13,clear_knowledge,0.052000000000000025,5555,100,6,56,100
14,clear_knowledge,0.10599999999999993,6666,100,6,56,100
15,clear_knowledge,0.04800000000000002,7777,100,6,56,100
16,clear_knowledge,0.12599999999999997,8888,100,6,56,100
17,clear_knowledge,0.040000000000000015,9999,100,6,56,100
18,clear_knowledge,0.14799999999999996,12345,100,6,56,100
19,clear_knowledge,0.04200000000000001,67890,100,6,56,100
20,xxx,0.036000000000000004,1111,100,6,56,100
21,xxx,0.06200000000000003,2222,100,6,56,100
22,xxx,0.03200000000000001,4444,100,6,56,100
23,xxx,0.052000000000000025,5555,100,6,56,100
24,xxx,0.05200000000000001,6666,100,6,56,100
25,xxx,0.04800000000000002,7777,100,6,56,100
26,xxx,0.06800000000000002,8888,100,6,56,100
27,xxx,0.040000000000000015,9999,100,6,56,100
28,xxx,0.05600000000000002,12345,100,6,56,100
29,xxx,0.04200000000000001,67890,100,6,56,100
30,keep_knowledge,0.158,1111,100,44,94,100
31,keep_knowledge,0.10199999999999998,2222,100,44,94,100
32,keep_knowledge,0.05800000000000002,4444,100,44,94,100
33,keep_knowledge,0.16600000000000004,5555,100,44,94,100
34,keep_knowledge,0.16200000000000003,6666,100,44,94,100
35,keep_knowledge,0.14800000000000002,7777,100,44,94,100
36,keep_knowledge,0.18800000000000008,8888,100,44,94,100
37,keep_knowledge,0.15599999999999997,9999,100,44,94,100
38,keep_knowledge,0.16200000000000003,12345,100,44,94,100
39,keep_knowledge,0.154,67890,100,44,94,100
40,clear_knowledge,0.10399999999999997,1111,100,44,94,100
41,clear_knowledge,0.10399999999999998,2222,100,44,94,100
42,clear_knowledge,0.086,4444,100,44,94,100
43,clear_knowledge,0.084,5555,100,44,94,100
44,clear_knowledge,0.09399999999999997,6666,100,44,94,100
45,clear_knowledge,0.096,7777,100,44,94,100
46,clear_knowledge,0.10799999999999996,8888,100,44,94,100
47,clear_knowledge,0.11199999999999996,9999,100,44,94,100
48,clear_knowledge,0.11799999999999995,12345,100,44,94,100
49,clear_knowledge,0.11799999999999994,67890,100,44,94,100
50,xxx,0.14200000000000002,1111,100,44,94,100
51,xxx,0.09599999999999995,2222,100,44,94,100
52,xxx,0.13999999999999999,4444,100,44,94,100
53,xxx,0.05400000000000002,5555,100,44,94,100
54,xxx,0.12599999999999997,6666,100,44,94,100
55,xxx,0.162,7777,100,44,94,100
56,xxx,0.15599999999999997,8888,100,44,94,100
57,xxx,0.15599999999999997,9999,100,44,94,100
58,xxx,0.15,12345,100,44,94,100
59,xxx,0.13799999999999998,67890,100,44,94,100
60,keep_knowledge,0.092,1111,100,94,144,100
61,keep_knowledge,0.1839999999999999,2222,100,94,144,100
62,keep_knowledge,0.20999999999999988,4444,100,94,144,100
63,keep_knowledge,0.2119999999999999,5555,100,94,144,100
64,keep_knowledge,0.11399999999999996,6666,100,94,144,100
65,keep_knowledge,0.08200000000000003,7777,100,94,144,100
66,keep_knowledge,0.19199999999999992,8888,100,94,144,100
67,keep_knowledge,0.07000000000000002,9999,100,94,144,100
68,keep_knowledge,0.06800000000000002,12345,100,94,144,100
69,keep_knowledge,0.2179999999999999,67890,100,94,144,100
70,clear_knowledge,0.096,1111,100,94,144,100
71,clear_knowledge,0.17199999999999996,2222,100,94,144,100
72,clear_knowledge,0.2179999999999999,4444,100,94,144,100
73,clear_knowledge,0.21399999999999988,5555,100,94,144,100
74,clear_knowledge,0.08000000000000003,6666,100,94,144,100
75,clear_knowledge,0.13799999999999998,7777,100,94,144,100
76,clear_knowledge,0.19199999999999992,8888,100,94,144,100
77,clear_knowledge,0.15599999999999997,9999,100,94,144,100
78,clear_knowledge,0.13599999999999993,12345,100,94,144,100
79,clear_knowledge,0.21799999999999994,67890,100,94,144,100
80,xxx,0.16599999999999998,1111,100,94,144,100
81,xxx,0.174,2222,100,94,144,100
82,xxx,0.2119999999999999,4444,100,94,144,100
83,xxx,0.2119999999999999,5555,100,94,144,100
84,xxx,0.06600000000000002,6666,100,94,144,100
85,xxx,0.08200000000000003,7777,100,94,144,100
86,xxx,0.19199999999999992,8888,100,94,144,100
87,xxx,0.06600000000000002,9999,100,94,144,100
88,xxx,0.16000000000000003,12345,100,94,144,100
89,xxx,0.2179999999999999,67890,100,94,144,100
90,keep_knowledge,0.04200000000000001,1111,100,99,149,100
91,keep_knowledge,0.03400000000000001,2222,100,99,149,100
92,keep_knowledge,0.048000000000000015,4444,100,99,149,100
93,keep_knowledge,0.060000000000000026,5555,100,99,149,100
94,keep_knowledge,0.07600000000000004,6666,100,99,149,100
95,keep_knowledge,0.05400000000000002,7777,100,99,149,100
96,keep_knowledge,0.04600000000000001,8888,100,99,149,100
97,keep_knowledge,0.04600000000000001,9999,100,99,149,100
98,keep_knowledge,0.04200000000000001,12345,100,99,149,100
99,keep_knowledge,0.05200000000000002,67890,100,99,149,100
100,clear_knowledge,0.042000000000000016,1111,100,99,149,100
101,clear_knowledge,0.04400000000000001,2222,100,99,149,100
102,clear_knowledge,0.06400000000000002,4444,100,99,149,100
103,clear_knowledge,0.062000000000000034,5555,100,99,149,100
104,clear_knowledge,0.07600000000000004,6666,100,99,149,100
105,clear_knowledge,0.05000000000000002,7777,100,99,149,100
106,clear_knowledge,0.04600000000000001,8888,100,99,149,100
107,clear_knowledge,0.06200000000000003,9999,100,99,149,100
108,clear_knowledge,0.03600000000000001,12345,100,99,149,100
109,clear_knowledge,0.05200000000000002,67890,100,99,149,100
110,xxx,0.03800000000000001,1111,100,99,149,100
111,xxx,0.03400000000000001,2222,100,99,149,100
112,xxx,0.04400000000000001,4444,100,99,149,100
113,xxx,0.060000000000000026,5555,100,99,149,100
114,xxx,0.07600000000000003,6666,100,99,149,100
115,xxx,0.05000000000000002,7777,100,99,149,100
116,xxx,0.048000000000000015,8888,100,99,149,100
117,xxx,0.048000000000000015,9999,100,99,149,100
118,xxx,0.04000000000000001,12345,100,99,149,100
119,xxx,0.048000000000000015,67890,100,99,149,100
120,keep_knowledge,0.03600000000000001,1111,100,104,154,100
121,keep_knowledge,0.030000000000000006,2222,100,104,154,100
122,keep_knowledge,0.05000000000000002,4444,100,104,154,100
123,keep_knowledge,0.05200000000000002,5555,100,104,154,100
124,keep_knowledge,0.07400000000000004,6666,100,104,154,100
125,keep_knowledge,0.048000000000000015,7777,100,104,154,100
126,keep_knowledge,0.07000000000000002,8888,100,104,154,100
127,keep_knowledge,0.048000000000000015,9999,100,104,154,100
128,keep_knowledge,0.03600000000000001,12345,100,104,154,100
129,keep_knowledge,0.050000000000000024,67890,100,104,154,100
130,clear_knowledge,0.03800000000000001,1111,100,104,154,100
131,clear_knowledge,0.038000000000000006,2222,100,104,154,100
132,clear_knowledge,0.04400000000000002,4444,100,104,154,100
133,clear_knowledge,0.05200000000000002,5555,100,104,154,100
134,clear_knowledge,0.08000000000000002,6666,100,104,154,100
135,clear_knowledge,0.048000000000000015,7777,100,104,154,100
136,clear_knowledge,0.07400000000000002,8888,100,104,154,100
137,clear_knowledge,0.048000000000000015,9999,100,104,154,100
138,clear_knowledge,0.04600000000000001,12345,100,104,154,100
139,clear_knowledge,0.04800000000000002,67890,100,104,154,100
140,xxx,0.03600000000000001,1111,100,104,154,100
141,xxx,0.030000000000000006,2222,100,104,154,100
142,xxx,0.040000000000000015,4444,100,104,154,100
143,xxx,0.06000000000000002,5555,100,104,154,100
144,xxx,0.07600000000000004,6666,100,104,154,100
145,xxx,0.03600000000000001,7777,100,104,154,100
146,xxx,0.07000000000000002,8888,100,104,154,100
147,xxx,0.05000000000000001,9999,100,104,154,100
148,xxx,0.03600000000000001,12345,100,104,154,100
149,xxx,0.04400000000000001,67890,100,104,154,100
150,keep_knowledge,0.07800000000000004,1111,100,159,209,100
151,keep_knowledge,0.07400000000000004,2222,100,159,209,100
152,keep_knowledge,0.09800000000000003,4444,100,159,209,100
153,keep_knowledge,0.06400000000000003,5555,100,159,209,100
154,keep_knowledge,0.10999999999999999,6666,100,159,209,100
155,keep_knowledge,0.06600000000000003,7777,100,159,209,100
156,keep_knowledge,0.048000000000000015,8888,100,159,209,100
157,keep_knowledge,0.05800000000000003,9999,100,159,209,100
158,keep_knowledge,0.050000000000000024,12345,100,159,209,100
159,keep_knowledge,0.07400000000000002,67890,100,159,209,100
160,clear_knowledge,0.05200000000000002,1111,100,159,209,100
161,clear_knowledge,0.07800000000000003,2222,100,159,209,100
162,clear_knowledge,0.07200000000000004,4444,100,159,209,100
163,clear_knowledge,0.04400000000000001,5555,100,159,209,100
164,clear_knowledge,0.07200000000000004,6666,100,159,209,100
165,clear_knowledge,0.09400000000000004,7777,100,159,209,100
166,clear_knowledge,0.08400000000000002,8888,100,159,209,100
167,clear_knowledge,0.048000000000000015,9999,100,159,209,100
168,clear_knowledge,0.06200000000000003,12345,100,159,209,100
169,clear_knowledge,0.060000000000000026,67890,100,159,209,100
170,xxx,0.06000000000000003,1111,100,159,209,100
171,xxx,0.05200000000000001,2222,100,159,209,100
172,xxx,0.034,4444,100,159,209,100
173,xxx,0.05200000000000002,5555,100,159,209,100
174,xxx,0.05200000000000001,6666,100,159,209,100
175,xxx,0.054000000000000006,7777,100,159,209,100
176,xxx,0.04600000000000002,8888,100,159,209,100
177,xxx,0.038000000000000006,9999,100,159,209,100
178,xxx,0.05000000000000001,12345,100,159,209,100
179,xxx,0.044000000000000004,67890,100,159,209,100
180,keep_knowledge,0.072,1111,100,163,213,100
181,keep_knowledge,0.06800000000000003,2222,100,163,213,100
182,keep_knowledge,0.06400000000000002,4444,100,163,213,100
183,keep_knowledge,0.06600000000000003,5555,100,163,213,100
184,keep_knowledge,0.072,6666,100,163,213,100
185,keep_knowledge,0.06800000000000003,7777,100,163,213,100
186,keep_knowledge,0.07400000000000004,8888,100,163,213,100
187,keep_knowledge,0.06800000000000003,9999,100,163,213,100
188,keep_knowledge,0.05200000000000002,12345,100,163,213,100
189,keep_knowledge,0.07800000000000004,67890,100,163,213,100
190,clear_knowledge,0.07400000000000001,1111,100,163,213,100
191,clear_knowledge,0.06800000000000005,2222,100,163,213,100
192,clear_knowledge,0.060000000000000026,4444,100,163,213,100
193,clear_knowledge,0.06800000000000002,5555,100,163,213,100
194,clear_knowledge,0.06600000000000002,6666,100,163,213,100
195,clear_knowledge,0.06800000000000002,7777,100,163,213,100
196,clear_knowledge,0.07400000000000004,8888,100,163,213,100
197,clear_knowledge,0.05600000000000002,9999,100,163,213,100
198,clear_knowledge,0.06200000000000002,12345,100,163,213,100
199,clear_knowledge,0.05800000000000002,67890,100,163,213,100
200,xxx,0.07200000000000002,1111,100,163,213,100
201,xxx,0.06800000000000002,2222,100,163,213,100
202,xxx,0.04400000000000002,4444,100,163,213,100
203,xxx,0.06400000000000003,5555,100,163,213,100
204,xxx,0.06600000000000002,6666,100,163,213,100
205,xxx,0.07800000000000003,7777,100,163,213,100
206,xxx,0.05400000000000002,8888,100,163,213,100
207,xxx,0.05200000000000001,9999,100,163,213,100
208,xxx,0.06200000000000002,12345,100,163,213,100
209,xxx,0.056000000000000015,67890,100,163,213,100
210,keep_knowledge,0.04000000000000001,1111,100,220,270,100
211,keep_knowledge,0.026000000000000006,2222,100,220,270,100
212,keep_knowledge,0.024000000000000004,4444,100,220,270,100
213,keep_knowledge,0.05000000000000002,5555,100,220,270,100
214,keep_knowledge,0.07600000000000003,6666,100,220,270,100
215,keep_knowledge,0.027999999999999997,7777,100,220,270,100
216,keep_knowledge,0.048000000000000015,8888,100,220,270,100
217,keep_knowledge,0.028000000000000008,9999,100,220,270,100
218,keep_knowledge,0.07000000000000002,12345,100,220,270,100
219,keep_knowledge,0.06800000000000003,67890,100,220,270,100
220,clear_knowledge,0.04000000000000001,1111,100,220,270,100
221,clear_knowledge,0.03200000000000001,2222,100,220,270,100
222,clear_knowledge,0.024000000000000004,4444,100,220,270,100
223,clear_knowledge,0.05000000000000002,5555,100,220,270,100
224,clear_knowledge,0.07600000000000003,6666,100,220,270,100
225,clear_knowledge,0.027999999999999997,7777,100,220,270,100
226,clear_knowledge,0.048000000000000015,8888,100,220,270,100
227,clear_knowledge,0.022000000000000002,9999,100,220,270,100
228,clear_knowledge,0.09600000000000003,12345,100,220,270,100
229,clear_knowledge,0.05200000000000002,67890,100,220,270,100
230,xxx,0.04000000000000001,1111,100,220,270,100
231,xxx,0.03200000000000001,2222,100,220,270,100
232,xxx,0.024000000000000004,4444,100,220,270,100
233,xxx,0.05000000000000002,5555,100,220,270,100
234,xxx,0.07400000000000002,6666,100,220,270,100
235,xxx,0.027999999999999997,7777,100,220,270,100
236,xxx,0.048000000000000015,8888,100,220,270,100
237,xxx,0.022000000000000002,9999,100,220,270,100
238,xxx,0.07000000000000003,12345,100,220,270,100
239,xxx,0.05200000000000002,67890,100,220,270,100
240,keep_knowledge,0.038000000000000006,1111,100,225,275,100
241,keep_knowledge,0.03400000000000001,2222,100,225,275,100
242,keep_knowledge,0.03200000000000001,4444,100,225,275,100
243,keep_knowledge,0.05400000000000002,5555,100,225,275,100
244,keep_knowledge,0.07200000000000004,6666,100,225,275,100
245,keep_knowledge,0.03200000000000001,7777,100,225,275,100
246,keep_knowledge,0.05400000000000001,8888,100,225,275,100
247,keep_knowledge,0.024,9999,100,225,275,100
248,keep_knowledge,0.07200000000000004,12345,100,225,275,100
249,keep_knowledge,0.07200000000000004,67890,100,225,275,100
250,clear_knowledge,0.038000000000000006,1111,100,225,275,100
251,clear_knowledge,0.03400000000000001,2222,100,225,275,100
252,clear_knowledge,0.022,4444,100,225,275,100
253,clear_knowledge,0.04600000000000001,5555,100,225,275,100
254,clear_knowledge,0.07200000000000004,6666,100,225,275,100
255,clear_knowledge,0.024,7777,100,225,275,100
256,clear_knowledge,0.05400000000000001,8888,100,225,275,100
257,clear_knowledge,0.024,9999,100,225,275,100
258,clear_knowledge,0.07200000000000004,12345,100,225,275,100
259,clear_knowledge,0.05400000000000001,67890,100,225,275,100
260,xxx,0.038000000000000006,1111,100,225,275,100
261,xxx,0.03400000000000001,2222,100,225,275,100
262,xxx,0.022,4444,100,225,275,100
263,xxx,0.04600000000000001,5555,100,225,275,100
264,xxx,0.07200000000000004,6666,100,225,275,100
265,xxx,0.024,7777,100,225,275,100
266,xxx,0.05400000000000001,8888,100,225,275,100
267,xxx,0.024,9999,100,225,275,100
268,xxx,0.07600000000000004,12345,100,225,275,100
269,xxx,0.07200000000000004,67890,100,225,275,100
270,keep_knowledge,0.20600000000000013,1111,100,270,320,100
271,keep_knowledge,0.20000000000000007,2222,100,270,320,100
272,keep_knowledge,0.016,4444,100,270,320,100
273,keep_knowledge,0.006000000000000001,5555,100,270,320,100
274,keep_knowledge,0.2020000000000001,6666,100,270,320,100
275,keep_knowledge,0.016,7777,100,270,320,100
276,keep_knowledge,0.17600000000000005,8888,100,270,320,100
277,keep_knowledge,0.022,9999,100,270,320,100
278,keep_knowledge,0.1960000000000001,12345,100,270,320,100
279,keep_knowledge,0.006000000000000001,67890,100,270,320,100
280,clear_knowledge,0.2040000000000001,1111,100,270,320,100
281,clear_knowledge,0.20000000000000007,2222,100,270,320,100
282,clear_knowledge,0.016,4444,100,270,320,100
283,clear_knowledge,0.006000000000000001,5555,100,270,320,100
284,clear_knowledge,0.1960000000000001,6666,100,270,320,100
285,clear_knowledge,0.016,7777,100,270,320,100
286,clear_knowledge,0.17600000000000005,8888,100,270,320,100
287,clear_knowledge,0.022,9999,100,270,320,100
288,clear_knowledge,0.19000000000000006,12345,100,270,320,100
289,clear_knowledge,0.006000000000000001,67890,100,270,320,100
290,xxx,0.20600000000000013,1111,100,270,320,100
291,xxx,0.20000000000000007,2222,100,270,320,100
292,xxx,0.016,4444,100,270,320,100
293,xxx,0.006000000000000001,5555,100,270,320,100
294,xxx,0.2040000000000001,6666,100,270,320,100
295,xxx,0.016,7777,100,270,320,100
296,xxx,0.17600000000000005,8888,100,270,320,100
297,xxx,0.022,9999,100,270,320,100
298,xxx,0.19000000000000006,12345,100,270,320,100
299,xxx,0.006000000000000001,67890,100,270,320,100
300,keep_knowledge,0.04800000000000001,1111,100,284,334,100
301,keep_knowledge,0.034,2222,100,284,334,100
302,keep_knowledge,0.004,4444,100,284,334,100
303,keep_knowledge,0.044000000000000004,5555,100,284,334,100
304,keep_knowledge,0.052000000000000005,6666,100,284,334,100
305,keep_knowledge,0.03000000000000001,7777,100,284,334,100
306,keep_knowledge,0.026000000000000006,8888,100,284,334,100
307,keep_knowledge,0.022,9999,100,284,334,100
308,keep_knowledge,0.04400000000000001,12345,100,284,334,100
309,keep_knowledge,0.012,67890,100,284,334,100
310,clear_knowledge,0.04800000000000001,1111,100,284,334,100
311,clear_knowledge,0.034,2222,100,284,334,100
312,clear_knowledge,0.004,4444,100,284,334,100
313,clear_knowledge,0.044000000000000004,5555,100,284,334,100
314,clear_knowledge,0.052000000000000005,6666,100,284,334,100
315,clear_knowledge,0.03000000000000001,7777,100,284,334,100
316,clear_knowledge,0.026000000000000006,8888,100,284,334,100
317,clear_knowledge,0.022,9999,100,284,334,100
318,clear_knowledge,0.04400000000000001,12345,100,284,334,100
319,clear_knowledge,0.012,67890,100,284,334,100
320,xxx,0.04800000000000001,1111,100,284,334,100
321,xxx,0.034,2222,100,284,334,100
322,xxx,0.004,4444,100,284,334,100
323,xxx,0.044000000000000004,5555,100,284,334,100
324,xxx,0.052000000000000005,6666,100,284,334,100
325,xxx,0.03000000000000001,7777,100,284,334,100
326,xxx,0.026000000000000006,8888,100,284,334,100
327,xxx,0.022,9999,100,284,334,100
328,xxx,0.04400000000000001,12345,100,284,334,100
329,xxx,0.012,67890,100,284,334,100
330,keep_knowledge,0.04800000000000001,1111,100,284,334,100
331,keep_knowledge,0.034,2222,100,284,334,100
332,keep_knowledge,0.004,4444,100,284,334,100
333,keep_knowledge,0.044000000000000004,5555,100,284,334,100
334,keep_knowledge,0.052000000000000005,6666,100,284,334,100
335,keep_knowledge,0.03000000000000001,7777,100,284,334,100
336,keep_knowledge,0.026000000000000006,8888,100,284,334,100
337,keep_knowledge,0.022,9999,100,284,334,100
338,keep_knowledge,0.04400000000000001,12345,100,284,334,100
339,keep_knowledge,0.012,67890,100,284,334,100
340,clear_knowledge,0.04800000000000001,1111,100,284,334,100
341,clear_knowledge,0.034,2222,100,284,334,100
342,clear_knowledge,0.004,4444,100,284,334,100
343,clear_knowledge,0.044000000000000004,5555,100,284,334,100
344,clear_knowledge,0.052000000000000005,6666,100,284,334,100
345,clear_knowledge,0.03000000000000001,7777,100,284,334,100
346,clear_knowledge,0.026000000000000006,8888,100,284,334,100
347,clear_knowledge,0.022,9999,100,284,334,100
348,clear_knowledge,0.04400000000000001,12345,100,284,334,100
349,clear_knowledge,0.012,67890,100,284,334,100
350,xxx,0.04800000000000001,1111,100,284,334,100
351,xxx,0.034,2222,100,284,334,100
352,xxx,0.004,4444,100,284,334,100
353,xxx,0.044000000000000004,5555,100,284,334,100
354,xxx,0.052000000000000005,6666,100,284,334,100
355,xxx,0.03000000000000001,7777,100,284,334,100
356,xxx,0.026000000000000006,8888,100,284,334,100
357,xxx,0.022,9999,100,284,334,100
358,xxx,0.04400000000000001,12345,100,284,334,100
359,xxx,0.012,67890,100,284,334,100
360,keep_knowledge,0.10799999999999997,1111,100,344,394,100
361,keep_knowledge,0.07400000000000002,2222,100,344,394,100
362,keep_knowledge,0.07200000000000002,4444,100,344,394,100
363,keep_knowledge,0.09399999999999997,5555,100,344,394,100
364,keep_knowledge,0.09599999999999996,6666,100,344,394,100
365,keep_knowledge,0.10199999999999995,7777,100,344,394,100
366,keep_knowledge,0.10399999999999997,8888,100,344,394,100
367,keep_knowledge,0.128,9999,100,344,394,100
368,keep_knowledge,0.10199999999999998,12345,100,344,394,100
369,keep_knowledge,0.07200000000000002,67890,100,344,394,100
370,clear_knowledge,0.10799999999999997,1111,100,344,394,100
371,clear_knowledge,0.11599999999999998,2222,100,344,394,100
372,clear_knowledge,0.07200000000000002,4444,100,344,394,100
373,clear_knowledge,0.09399999999999997,5555,100,344,394,100
374,clear_knowledge,0.09599999999999996,6666,100,344,394,100
375,clear_knowledge,0.10199999999999995,7777,100,344,394,100
376,clear_knowledge,0.10399999999999997,8888,100,344,394,100
377,clear_knowledge,0.128,9999,100,344,394,100
378,clear_knowledge,0.10199999999999998,12345,100,344,394,100
379,clear_knowledge,0.07200000000000002,67890,100,344,394,100
380,xxx,0.10799999999999997,1111,100,344,394,100
381,xxx,0.11599999999999998,2222,100,344,394,100
382,xxx,0.07200000000000002,4444,100,344,394,100
383,xxx,0.09399999999999997,5555,100,344,394,100
384,xxx,0.09599999999999996,6666,100,344,394,100
385,xxx,0.10199999999999995,7777,100,344,394,100
386,xxx,0.10399999999999997,8888,100,344,394,100
387,xxx,0.128,9999,100,344,394,100
388,xxx,0.10199999999999998,12345,100,344,394,100
389,xxx,0.07200000000000002,67890,100,344,394,100
390,keep_knowledge,0.11399999999999995,1111,100,348,398,100
391,keep_knowledge,0.06800000000000002,2222,100,348,398,100
392,keep_knowledge,0.07800000000000003,4444,100,348,398,100
393,keep_knowledge,0.09199999999999996,5555,100,348,398,100
394,keep_knowledge,0.10199999999999992,6666,100,348,398,100
395,keep_knowledge,0.04200000000000001,7777,100,348,398,100
396,keep_knowledge,0.10399999999999997,8888,100,348,398,100
397,keep_knowledge,0.06600000000000002,9999,100,348,398,100
398,keep_knowledge,0.09999999999999998,12345,100,348,398,100
399,keep_knowledge,0.07600000000000003,67890,100,348,398,100
400,clear_knowledge,0.11599999999999992,1111,100,348,398,100
401,clear_knowledge,0.13199999999999995,2222,100,348,398,100
402,clear_knowledge,0.10400000000000001,4444,100,348,398,100
403,clear_knowledge,0.07600000000000003,5555,100,348,398,100
404,clear_knowledge,0.128,6666,100,348,398,100
405,clear_knowledge,0.048000000000000015,7777,100,348,398,100
406,clear_knowledge,0.14199999999999993,8888,100,348,398,100
407,clear_knowledge,0.12799999999999997,9999,100,348,398,100
408,clear_knowledge,0.086,12345,100,348,398,100
409,clear_knowledge,0.12599999999999997,67890,100,348,398,100
410,xxx,0.11399999999999995,1111,100,348,398,100
411,xxx,0.11999999999999994,2222,100,348,398,100
412,xxx,0.07800000000000003,4444,100,348,398,100
413,xxx,0.09199999999999996,5555,100,348,398,100
414,xxx,0.10199999999999992,6666,100,348,398,100
415,xxx,0.04200000000000001,7777,100,348,398,100
416,xxx,0.10399999999999997,8888,100,348,398,100
417,xxx,0.06800000000000002,9999,100,348,398,100
418,xxx,0.09999999999999998,12345,100,348,398,100
419,xxx,0.07600000000000003,67890,100,348,398,100
420,keep_knowledge,0.13199999999999992,1111,100,352,402,100
421,keep_knowledge,0.12999999999999998,2222,100,352,402,100
422,keep_knowledge,0.07000000000000002,4444,100,352,402,100
423,keep_knowledge,0.10199999999999998,5555,100,352,402,100
424,keep_knowledge,0.10999999999999995,6666,100,352,402,100
425,keep_knowledge,0.05000000000000002,7777,100,352,402,100
426,keep_knowledge,0.11199999999999997,8888,100,352,402,100
427,keep_knowledge,0.07600000000000003,9999,100,352,402,100
428,keep_knowledge,0.10999999999999996,12345,100,352,402,100
429,keep_knowledge,0.10199999999999995,67890,100,352,402,100
430,clear_knowledge,0.13599999999999993,1111,100,352,402,100
431,clear_knowledge,0.14599999999999994,2222,100,352,402,100
432,clear_knowledge,0.14199999999999996,4444,100,352,402,100
433,clear_knowledge,0.09400000000000004,5555,100,352,402,100
434,clear_knowledge,0.148,6666,100,352,402,100
435,clear_knowledge,0.11199999999999997,7777,100,352,402,100
436,clear_knowledge,0.14999999999999994,8888,100,352,402,100
437,clear_knowledge,0.15399999999999994,9999,100,352,402,100
438,clear_knowledge,0.09800000000000003,12345,100,352,402,100
439,clear_knowledge,0.15599999999999997,67890,100,352,402,100
440,xxx,0.13199999999999992,1111,100,352,402,100
441,xxx,0.12999999999999998,2222,100,352,402,100
442,xxx,0.08000000000000003,4444,100,352,402,100
443,xxx,0.10199999999999998,5555,100,352,402,100
444,xxx,0.10999999999999995,6666,100,352,402,100
445,xxx,0.05000000000000002,7777,100,352,402,100
446,xxx,0.11199999999999997,8888,100,352,402,100
447,xxx,0.136,9999,100,352,402,100
448,xxx,0.10999999999999996,12345,100,352,402,100
449,xxx,0.11199999999999999,67890,100,352,402,100
450,keep_knowledge,0.09399999999999999,1111,100,367,417,100
451,keep_knowledge,0.07800000000000003,2222,100,367,417,100
452,keep_knowledge,0.05200000000000001,4444,100,367,417,100
453,keep_knowledge,0.094,5555,100,367,417,100
454,keep_knowledge,0.086,6666,100,367,417,100
455,keep_knowledge,0.08200000000000002,7777,100,367,417,100
456,keep_knowledge,0.07400000000000002,8888,100,367,417,100
457,keep_knowledge,0.05400000000000001,9999,100,367,417,100
458,keep_knowledge,0.102,12345,100,367,417,100
459,keep_knowledge,0.07800000000000001,67890,100,367,417,100
460,clear_knowledge,0.09599999999999996,1111,100,367,417,100
461,clear_knowledge,0.07800000000000003,2222,100,367,417,100
462,clear_knowledge,0.05200000000000001,4444,100,367,417,100
463,clear_knowledge,0.09200000000000001,5555,100,367,417,100
464,clear_knowledge,0.086,6666,100,367,417,100
465,clear_knowledge,0.08,7777,100,367,417,100
466,clear_knowledge,0.07400000000000002,8888,100,367,417,100
467,clear_knowledge,0.05400000000000001,9999,100,367,417,100
468,clear_knowledge,0.09400000000000003,12345,100,367,417,100
469,clear_knowledge,0.06800000000000002,67890,100,367,417,100
470,xxx,0.09399999999999999,1111,100,367,417,100
471,xxx,0.07800000000000003,2222,100,367,417,100
472,xxx,0.05200000000000001,4444,100,367,417,100
473,xxx,0.094,5555,100,367,417,100
474,xxx,0.086,6666,100,367,417,100
475,xxx,0.08200000000000002,7777,100,367,417,100
476,xxx,0.07400000000000002,8888,100,367,417,100
477,xxx,0.05400000000000001,9999,100,367,417,100
478,xxx,0.102,12345,100,367,417,100
479,xxx,0.07800000000000001,67890,100,367,417,100
480,keep_knowledge,0.05800000000000002,1111,100,389,439,100
481,keep_knowledge,0.034,2222,100,389,439,100
482,keep_knowledge,0.07200000000000002,4444,100,389,439,100
483,keep_knowledge,0.05200000000000001,5555,100,389,439,100
484,keep_knowledge,0.04200000000000001,6666,100,389,439,100
485,keep_knowledge,0.18600000000000003,7777,100,389,439,100
486,keep_knowledge,0.044000000000000004,8888,100,389,439,100
487,keep_knowledge,0.05400000000000001,9999,100,389,439,100
488,keep_knowledge,0.14,12345,100,389,439,100
489,keep_knowledge,0.12200000000000001,67890,100,389,439,100
490,clear_knowledge,0.05800000000000002,1111,100,389,439,100
491,clear_knowledge,0.13,2222,100,389,439,100
492,clear_knowledge,0.26599999999999996,4444,100,389,439,100
493,clear_knowledge,0.05400000000000001,5555,100,389,439,100
494,clear_knowledge,0.2,6666,100,389,439,100
495,clear_knowledge,0.18600000000000003,7777,100,389,439,100
496,clear_knowledge,0.11400000000000002,8888,100,389,439,100
497,clear_knowledge,0.252,9999,100,389,439,100
498,clear_knowledge,0.10199999999999998,12345,100,389,439,100
499,clear_knowledge,0.114,67890,100,389,439,100
500,xxx,0.05800000000000002,1111,100,389,439,100
501,xxx,0.13,2222,100,389,439,100
502,xxx,0.12600000000000006,4444,100,389,439,100
503,xxx,0.05000000000000001,5555,100,389,439,100
504,xxx,0.04200000000000001,6666,100,389,439,100
505,xxx,0.12,7777,100,389,439,100
506,xxx,0.06000000000000002,8888,100,389,439,100
507,xxx,0.06400000000000002,9999,100,389,439,100
508,xxx,0.09399999999999999,12345,100,389,439,100
509,xxx,0.128,67890,100,389,439,100
510,keep_knowledge,0.022,1111,100,429,479,100
511,keep_knowledge,0.05400000000000002,2222,100,429,479,100
512,keep_knowledge,0.024000000000000004,4444,100,429,479,100
513,keep_knowledge,0.07000000000000002,5555,100,429,479,100
514,keep_knowledge,0.06400000000000002,6666,100,429,479,100
515,keep_knowledge,0.03200000000000001,7777,100,429,479,100
516,keep_knowledge,0.013999999999999999,8888,100,429,479,100
517,keep_knowledge,0.034,9999,100,429,479,100
518,keep_knowledge,0.09799999999999998,12345,100,429,479,100
519,keep_knowledge,0.08200000000000002,67890,100,429,479,100
520,clear_knowledge,0.094,1111,100,429,479,100
521,clear_knowledge,0.04200000000000001,2222,100,429,479,100
522,clear_knowledge,0.06400000000000002,4444,100,429,479,100
523,clear_knowledge,0.06400000000000002,5555,100,429,479,100
524,clear_knowledge,0.08000000000000003,6666,100,429,479,100
525,clear_knowledge,0.04200000000000001,7777,100,429,479,100
526,clear_knowledge,0.03800000000000001,8888,100,429,479,100
527,clear_knowledge,0.08000000000000003,9999,100,429,479,100
528,clear_knowledge,0.08600000000000003,12345,100,429,479,100
529,clear_knowledge,0.04600000000000002,67890,100,429,479,100
530,xxx,0.056000000000000015,1111,100,429,479,100
531,xxx,0.022,2222,100,429,479,100
532,xxx,0.026000000000000002,4444,100,429,479,100
533,xxx,0.028000000000000004,5555,100,429,479,100
534,xxx,0.06400000000000002,6666,100,429,479,100
535,xxx,0.028000000000000004,7777,100,429,479,100
536,xxx,0.013999999999999999,8888,100,429,479,100
537,xxx,0.03400000000000001,9999,100,429,479,100
538,xxx,0.07400000000000002,12345,100,429,479,100
539,xxx,0.024,67890,100,429,479,100
540,keep_knowledge,0.08200000000000003,1111,100,432,482,100
541,keep_knowledge,0.04400000000000002,2222,100,432,482,100
542,keep_knowledge,0.03600000000000001,4444,100,432,482,100
543,keep_knowledge,0.07200000000000002,5555,100,432,482,100
544,keep_knowledge,0.07800000000000003,6666,100,432,482,100
545,keep_knowledge,0.04400000000000001,7777,100,432,482,100
546,keep_knowledge,0.013999999999999999,8888,100,432,482,100
547,keep_knowledge,0.03200000000000001,9999,100,432,482,100
548,keep_knowledge,0.09999999999999996,12345,100,432,482,100
549,keep_knowledge,0.04000000000000001,67890,100,432,482,100
550,clear_knowledge,0.05400000000000003,1111,100,432,482,100
551,clear_knowledge,0.04400000000000001,2222,100,432,482,100
552,clear_knowledge,0.07000000000000002,4444,100,432,482,100
553,clear_knowledge,0.07600000000000003,5555,100,432,482,100
554,clear_knowledge,0.08200000000000002,6666,100,432,482,100
555,clear_knowledge,0.05000000000000002,7777,100,432,482,100
556,clear_knowledge,0.03800000000000001,8888,100,432,482,100
557,clear_knowledge,0.07600000000000003,9999,100,432,482,100
558,clear_knowledge,0.09599999999999997,12345,100,432,482,100
559,clear_knowledge,0.04400000000000002,67890,100,432,482,100
560,xxx,0.06800000000000002,1111,100,432,482,100
561,xxx,0.022,2222,100,432,482,100
562,xxx,0.03200000000000001,4444,100,432,482,100
563,xxx,0.03800000000000001,5555,100,432,482,100
564,xxx,0.06800000000000002,6666,100,432,482,100
565,xxx,0.03400000000000001,7777,100,432,482,100
566,xxx,0.008,8888,100,432,482,100
567,xxx,0.03600000000000001,9999,100,432,482,100
568,xxx,0.07400000000000002,12345,100,432,482,100
569,xxx,0.019999999999999997,67890,100,432,482,100
570,keep_knowledge,0.038000000000000006,1111,100,459,509,100
571,keep_knowledge,0.03,2222,100,459,509,100
572,keep_knowledge,0.08200000000000003,4444,100,459,509,100
573,keep_knowledge,0.055999999999999994,5555,100,459,509,100
574,keep_knowledge,0.04400000000000001,6666,100,459,509,100
575,keep_knowledge,0.036000000000000004,7777,100,459,509,100
576,keep_knowledge,0.04400000000000001,8888,100,459,509,100
577,keep_knowledge,0.060000000000000026,9999,100,459,509,100
578,keep_knowledge,0.056000000000000015,12345,100,459,509,100
579,keep_knowledge,0.057999999999999996,67890,100,459,509,100
580,clear_knowledge,0.048,1111,100,459,509,100
581,clear_knowledge,0.032,2222,100,459,509,100
582,clear_knowledge,0.08000000000000002,4444,100,459,509,100
583,clear_knowledge,0.06000000000000001,5555,100,459,509,100
584,clear_knowledge,0.07200000000000001,6666,100,459,509,100
585,clear_knowledge,0.046,7777,100,459,509,100
586,clear_knowledge,0.05200000000000001,8888,100,459,509,100
587,clear_knowledge,0.06200000000000003,9999,100,459,509,100
588,clear_knowledge,0.08800000000000002,12345,100,459,509,100
589,clear_knowledge,0.055999999999999994,67890,100,459,509,100
590,xxx,0.04200000000000001,1111,100,459,509,100
591,xxx,0.03,2222,100,459,509,100
592,xxx,0.08200000000000003,4444,100,459,509,100
593,xxx,0.074,5555,100,459,509,100
594,xxx,0.076,6666,100,459,509,100
595,xxx,0.036000000000000004,7777,100,459,509,100
596,xxx,0.04400000000000001,8888,100,459,509,100
597,xxx,0.06200000000000003,9999,100,459,509,100
598,xxx,0.08600000000000002,12345,100,459,509,100
599,xxx,0.057999999999999996,67890,100,459,509,100
600,keep_knowledge,0.174,1111,100,470,520,100
601,keep_knowledge,0.092,2222,100,470,520,100
602,keep_knowledge,0.034,4444,100,470,520,100
603,keep_knowledge,0.13600000000000004,5555,100,470,520,100
604,keep_knowledge,0.092,6666,100,470,520,100
605,keep_knowledge,0.084,7777,100,470,520,100
606,keep_knowledge,0.05200000000000002,8888,100,470,520,100
607,keep_knowledge,0.04000000000000001,9999,100,470,520,100
608,keep_knowledge,0.18799999999999997,12345,100,470,520,100
609,keep_knowledge,0.10599999999999998,67890,100,470,520,100
610,clear_knowledge,0.21200000000000008,1111,100,470,520,100
611,clear_knowledge,0.092,2222,100,470,520,100
612,clear_knowledge,0.034,4444,100,470,520,100
613,clear_knowledge,0.13600000000000004,5555,100,470,520,100
614,clear_knowledge,0.15599999999999997,6666,100,470,520,100
615,clear_knowledge,0.084,7777,100,470,520,100
616,clear_knowledge,0.132,8888,100,470,520,100
617,clear_knowledge,0.048,9999,100,470,520,100
618,clear_knowledge,0.18799999999999997,12345,100,470,520,100
619,clear_knowledge,0.10599999999999998,67890,100,470,520,100
620,xxx,0.21200000000000008,1111,100,470,520,100
621,xxx,0.092,2222,100,470,520,100
622,xxx,0.034,4444,100,470,520,100
623,xxx,0.13600000000000004,5555,100,470,520,100
624,xxx,0.092,6666,100,470,520,100
625,xxx,0.086,7777,100,470,520,100
626,xxx,0.05200000000000002,8888,100,470,520,100
627,xxx,0.04000000000000001,9999,100,470,520,100
628,xxx,0.18799999999999997,12345,100,470,520,100
629,xxx,0.10599999999999998,67890,100,470,520,100
630,keep_knowledge,0.144,1111,100,603,653,100
631,keep_knowledge,0.06800000000000002,2222,100,603,653,100
632,keep_knowledge,0.07400000000000004,4444,100,603,653,100
633,keep_knowledge,0.07800000000000003,5555,100,603,653,100
634,keep_knowledge,0.14199999999999993,6666,100,603,653,100
635,keep_knowledge,0.162,7777,100,603,653,100
636,keep_knowledge,0.17999999999999997,8888,100,603,653,100
637,keep_knowledge,0.13399999999999992,9999,100,603,653,100
638,keep_knowledge,0.13999999999999996,12345,100,603,653,100
639,keep_knowledge,0.08800000000000002,67890,100,603,653,100
640,clear_knowledge,0.144,1111,100,603,653,100
641,clear_knowledge,0.05800000000000002,2222,100,603,653,100
642,clear_knowledge,0.16399999999999998,4444,100,603,653,100
643,clear_knowledge,0.06400000000000002,5555,100,603,653,100
644,clear_knowledge,0.14199999999999993,6666,100,603,653,100
645,clear_knowledge,0.162,7777,100,603,653,100
646,clear_knowledge,0.17999999999999997,8888,100,603,653,100
647,clear_knowledge,0.13399999999999992,9999,100,603,653,100
648,clear_knowledge,0.07200000000000004,12345,100,603,653,100
649,clear_knowledge,0.08800000000000002,67890,100,603,653,100
650,xxx,0.144,1111,100,603,653,100
651,xxx,0.06800000000000002,2222,100,603,653,100
652,xxx,0.16399999999999998,4444,100,603,653,100
653,xxx,0.06400000000000002,5555,100,603,653,100
654,xxx,0.14199999999999993,6666,100,603,653,100
655,xxx,0.162,7777,100,603,653,100
656,xxx,0.17999999999999997,8888,100,603,653,100
657,xxx,0.13399999999999992,9999,100,603,653,100
658,xxx,0.13999999999999996,12345,100,603,653,100
659,xxx,0.08800000000000002,67890,100,603,653,100
660,keep_knowledge,0.04,1111,100,618,668,100
661,keep_knowledge,0.04400000000000001,2222,100,618,668,100
662,keep_knowledge,0.05800000000000002,4444,100,618,668,100
663,keep_knowledge,0.06000000000000002,5555,100,618,668,100
664,keep_knowledge,0.08000000000000003,6666,100,618,668,100
665,keep_knowledge,0.05200000000000002,7777,100,618,668,100
666,keep_knowledge,0.060000000000000026,8888,100,618,668,100
667,keep_knowledge,0.036000000000000004,9999,100,618,668,100
668,keep_knowledge,0.07400000000000002,12345,100,618,668,100
669,keep_knowledge,0.048000000000000015,67890,100,618,668,100
670,clear_knowledge,0.04,1111,100,618,668,100
671,clear_knowledge,0.04400000000000001,2222,100,618,668,100
672,clear_knowledge,0.05800000000000002,4444,100,618,668,100
673,clear_knowledge,0.06000000000000002,5555,100,618,668,100
674,clear_knowledge,0.08000000000000003,6666,100,618,668,100
675,clear_knowledge,0.05200000000000002,7777,100,618,668,100
676,clear_knowledge,0.060000000000000026,8888,100,618,668,100
677,clear_knowledge,0.036000000000000004,9999,100,618,668,100
678,clear_knowledge,0.07400000000000002,12345,100,618,668,100
679,clear_knowledge,0.048000000000000015,67890,100,618,668,100
680,xxx,0.04,1111,100,618,668,100
681,xxx,0.04400000000000001,2222,100,618,668,100
682,xxx,0.05800000000000002,4444,100,618,668,100
683,xxx,0.06000000000000002,5555,100,618,668,100
684,xxx,0.08000000000000003,6666,100,618,668,100
685,xxx,0.05200000000000002,7777,100,618,668,100
686,xxx,0.060000000000000026,8888,100,618,668,100
687,xxx,0.036000000000000004,9999,100,618,668,100
688,xxx,0.07400000000000002,12345,100,618,668,100
689,xxx,0.048000000000000015,67890,100,618,668,100
690,keep_knowledge,0.07200000000000002,1111,100,714,764,100
691,keep_knowledge,0.03200000000000001,2222,100,714,764,100
692,keep_knowledge,0.026000000000000002,4444,100,714,764,100
693,keep_knowledge,0.07000000000000002,5555,100,714,764,100
694,keep_knowledge,0.1,6666,100,714,764,100
695,keep_knowledge,0.028000000000000004,7777,100,714,764,100
696,keep_knowledge,0.03400000000000001,8888,100,714,764,100
697,keep_knowledge,0.03200000000000001,9999,100,714,764,100
698,keep_knowledge,0.10600000000000004,12345,100,714,764,100
699,keep_knowledge,0.03600000000000001,67890,100,714,764,100
700,clear_knowledge,0.07200000000000002,1111,100,714,764,100
701,clear_knowledge,0.04400000000000001,2222,100,714,764,100
702,clear_knowledge,0.026000000000000002,4444,100,714,764,100
703,clear_knowledge,0.07000000000000002,5555,100,714,764,100
704,clear_knowledge,0.1,6666,100,714,764,100
705,clear_knowledge,0.028000000000000004,7777,100,714,764,100
706,clear_knowledge,0.03400000000000001,8888,100,714,764,100
707,clear_knowledge,0.03200000000000001,9999,100,714,764,100
708,clear_knowledge,0.10600000000000004,12345,100,714,764,100
709,clear_knowledge,0.03600000000000001,67890,100,714,764,100
710,xxx,0.07200000000000002,1111,100,714,764,100
711,xxx,0.03200000000000001,2222,100,714,764,100
712,xxx,0.026000000000000002,4444,100,714,764,100
713,xxx,0.07000000000000002,5555,100,714,764,100
714,xxx,0.1,6666,100,714,764,100
715,xxx,0.028000000000000004,7777,100,714,764,100
716,xxx,0.03400000000000001,8888,100,714,764,100
717,xxx,0.03200000000000001,9999,100,714,764,100
718,xxx,0.10600000000000004,12345,100,714,764,100
719,xxx,0.03600000000000001,67890,100,714,764,100
720,keep_knowledge,0.05200000000000001,1111,100,747,797,100
721,keep_knowledge,0.06400000000000003,2222,100,747,797,100
722,keep_knowledge,0.060000000000000026,4444,100,747,797,100
723,keep_knowledge,0.048000000000000015,5555,100,747,797,100
724,keep_knowledge,0.07400000000000002,6666,100,747,797,100
725,keep_knowledge,0.032,7777,100,747,797,100
726,keep_knowledge,0.048000000000000015,8888,100,747,797,100
727,keep_knowledge,0.07400000000000002,9999,100,747,797,100
728,keep_knowledge,0.06200000000000003,12345,100,747,797,100
729,keep_knowledge,0.07000000000000002,67890,100,747,797,100
730,clear_knowledge,0.05200000000000001,1111,100,747,797,100
731,clear_knowledge,0.06400000000000003,2222,100,747,797,100
732,clear_knowledge,0.060000000000000026,4444,100,747,797,100
733,clear_knowledge,0.048000000000000015,5555,100,747,797,100
734,clear_knowledge,0.07000000000000003,6666,100,747,797,100
735,clear_knowledge,0.034,7777,100,747,797,100
736,clear_knowledge,0.048000000000000015,8888,100,747,797,100
737,clear_knowledge,0.07400000000000002,9999,100,747,797,100
738,clear_knowledge,0.06200000000000003,12345,100,747,797,100
739,clear_knowledge,0.07000000000000002,67890,100,747,797,100
740,xxx,0.05200000000000001,1111,100,747,797,100
741,xxx,0.06400000000000003,2222,100,747,797,100
742,xxx,0.060000000000000026,4444,100,747,797,100
743,xxx,0.048000000000000015,5555,100,747,797,100
744,xxx,0.07400000000000002,6666,100,747,797,100
745,xxx,0.032,7777,100,747,797,100
746,xxx,0.048000000000000015,8888,100,747,797,100
747,xxx,0.07400000000000002,9999,100,747,797,100
748,xxx,0.06200000000000003,12345,100,747,797,100
749,xxx,0.07000000000000002,67890,100,747,797,100
750,keep_knowledge,0.06400000000000002,1111,100,777,827,100
751,keep_knowledge,0.05200000000000001,2222,100,777,827,100
752,keep_knowledge,0.024,4444,100,777,827,100
753,keep_knowledge,0.04800000000000001,5555,100,777,827,100
754,keep_knowledge,0.046000000000000006,6666,100,777,827,100
755,keep_knowledge,0.05400000000000002,7777,100,777,827,100
756,keep_knowledge,0.03,8888,100,777,827,100
757,keep_knowledge,0.048000000000000015,9999,100,777,827,100
758,keep_knowledge,0.05400000000000001,12345,100,777,827,100
759,keep_knowledge,0.056000000000000015,67890,100,777,827,100
760,clear_knowledge,0.06400000000000002,1111,100,777,827,100
761,clear_knowledge,0.05200000000000001,2222,100,777,827,100
762,clear_knowledge,0.024,4444,100,777,827,100
763,clear_knowledge,0.04800000000000001,5555,100,777,827,100
764,clear_knowledge,0.046000000000000006,6666,100,777,827,100
765,clear_knowledge,0.05400000000000002,7777,100,777,827,100
766,clear_knowledge,0.03,8888,100,777,827,100
767,clear_knowledge,0.048000000000000015,9999,100,777,827,100
768,clear_knowledge,0.05400000000000001,12345,100,777,827,100
769,clear_knowledge,0.056000000000000015,67890,100,777,827,100
770,xxx,0.06400000000000002,1111,100,777,827,100
771,xxx,0.05200000000000001,2222,100,777,827,100
772,xxx,0.024,4444,100,777,827,100
773,xxx,0.04800000000000001,5555,100,777,827,100
774,xxx,0.046000000000000006,6666,100,777,827,100
775,xxx,0.05400000000000002,7777,100,777,827,100
776,xxx,0.03,8888,100,777,827,100
777,xxx,0.048000000000000015,9999,100,777,827,100
778,xxx,0.05400000000000001,12345,100,777,827,100
779,xxx,0.056000000000000015,67890,100,777,827,100
780,keep_knowledge,0.03400000000000001,1111,100,781,831,100
781,keep_knowledge,0.08000000000000002,2222,100,781,831,100
782,keep_knowledge,0.038000000000000006,4444,100,781,831,100
783,keep_knowledge,0.038000000000000006,5555,100,781,831,100
784,keep_knowledge,0.048000000000000015,6666,100,781,831,100
785,keep_knowledge,0.05600000000000002,7777,100,781,831,100
786,keep_knowledge,0.04000000000000001,8888,100,781,831,100
787,keep_knowledge,0.05200000000000001,9999,100,781,831,100
788,keep_knowledge,0.044000000000000004,12345,100,781,831,100
789,keep_knowledge,0.06800000000000002,67890,100,781,831,100
790,clear_knowledge,0.03400000000000001,1111,100,781,831,100
791,clear_knowledge,0.08000000000000002,2222,100,781,831,100
792,clear_knowledge,0.038000000000000006,4444,100,781,831,100
793,clear_knowledge,0.038000000000000006,5555,100,781,831,100
794,clear_knowledge,0.048000000000000015,6666,100,781,831,100
795,clear_knowledge,0.05600000000000002,7777,100,781,831,100
796,clear_knowledge,0.04000000000000001,8888,100,781,831,100
797,clear_knowledge,0.05200000000000001,9999,100,781,831,100
798,clear_knowledge,0.044000000000000004,12345,100,781,831,100
799,clear_knowledge,0.06800000000000002,67890,100,781,831,100
800,xxx,0.03400000000000001,1111,100,781,831,100
801,xxx,0.08000000000000002,2222,100,781,831,100
802,xxx,0.038000000000000006,4444,100,781,831,100
803,xxx,0.038000000000000006,5555,100,781,831,100
804,xxx,0.048000000000000015,6666,100,781,831,100
805,xxx,0.05600000000000002,7777,100,781,831,100
806,xxx,0.04000000000000001,8888,100,781,831,100
807,xxx,0.05200000000000001,9999,100,781,831,100
808,xxx,0.044000000000000004,12345,100,781,831,100
809,xxx,0.06800000000000002,67890,100,781,831,100
810,keep_knowledge,0.11800000000000001,1111,100,825,875,100
811,keep_knowledge,0.11399999999999999,2222,100,825,875,100
812,keep_knowledge,0.17000000000000004,4444,100,825,875,100
813,keep_knowledge,0.13999999999999996,5555,100,825,875,100
814,keep_knowledge,0.16199999999999995,6666,100,825,875,100
815,keep_knowledge,0.07200000000000004,7777,100,825,875,100
816,keep_knowledge,0.16,8888,100,825,875,100
817,keep_knowledge,0.17400000000000004,9999,100,825,875,100
818,keep_knowledge,0.05200000000000001,12345,100,825,875,100
819,keep_knowledge,0.17800000000000005,67890,100,825,875,100
820,clear_knowledge,0.13,1111,100,825,875,100
821,clear_knowledge,0.126,2222,100,825,875,100
822,clear_knowledge,0.17000000000000004,4444,100,825,875,100
823,clear_knowledge,0.15999999999999998,5555,100,825,875,100
824,clear_knowledge,0.16399999999999998,6666,100,825,875,100
825,clear_knowledge,0.07200000000000004,7777,100,825,875,100
826,clear_knowledge,0.16,8888,100,825,875,100
827,clear_knowledge,0.17400000000000004,9999,100,825,875,100
828,clear_knowledge,0.05400000000000002,12345,100,825,875,100
829,clear_knowledge,0.17800000000000005,67890,100,825,875,100
830,xxx,0.11800000000000001,1111,100,825,875,100
831,xxx,0.11399999999999999,2222,100,825,875,100
832,xxx,0.17000000000000004,4444,100,825,875,100
833,xxx,0.13999999999999996,5555,100,825,875,100
834,xxx,0.16199999999999995,6666,100,825,875,100
835,xxx,0.07200000000000004,7777,100,825,875,100
836,xxx,0.16,8888,100,825,875,100
837,xxx,0.17400000000000004,9999,100,825,875,100
838,xxx,0.04600000000000001,12345,100,825,875,100
839,xxx,0.17800000000000005,67890,100,825,875,100
840,keep_knowledge,0.12999999999999998,1111,100,826,876,100
841,keep_knowledge,0.18000000000000005,2222,100,826,876,100
842,keep_knowledge,0.17600000000000005,4444,100,826,876,100
843,keep_knowledge,0.15199999999999997,5555,100,826,876,100
844,keep_knowledge,0.16799999999999998,6666,100,826,876,100
845,keep_knowledge,0.08400000000000002,7777,100,826,876,100
846,keep_knowledge,0.162,8888,100,826,876,100
847,keep_knowledge,0.17,9999,100,826,876,100
848,keep_knowledge,0.05000000000000002,12345,100,826,876,100
849,keep_knowledge,0.18200000000000002,67890,100,826,876,100
850,clear_knowledge,0.128,1111,100,826,876,100
851,clear_knowledge,0.19200000000000006,2222,100,826,876,100
852,clear_knowledge,0.17600000000000005,4444,100,826,876,100
853,clear_knowledge,0.16399999999999995,5555,100,826,876,100
854,clear_knowledge,0.16399999999999995,6666,100,826,876,100
855,clear_knowledge,0.08400000000000002,7777,100,826,876,100
856,clear_knowledge,0.162,8888,100,826,876,100
857,clear_knowledge,0.17,9999,100,826,876,100
858,clear_knowledge,0.05200000000000002,12345,100,826,876,100
859,clear_knowledge,0.18200000000000002,67890,100,826,876,100
860,xxx,0.12999999999999998,1111,100,826,876,100
861,xxx,0.18000000000000005,2222,100,826,876,100
862,xxx,0.17600000000000005,4444,100,826,876,100
863,xxx,0.15199999999999997,5555,100,826,876,100
864,xxx,0.16799999999999998,6666,100,826,876,100
865,xxx,0.08400000000000002,7777,100,826,876,100
866,xxx,0.162,8888,100,826,876,100
867,xxx,0.17,9999,100,826,876,100
868,xxx,0.04400000000000001,12345,100,826,876,100
869,xxx,0.18200000000000002,67890,100,826,876,100
870,keep_knowledge,0.16799999999999998,1111,100,828,878,100
871,keep_knowledge,0.18400000000000005,2222,100,828,878,100
872,keep_knowledge,0.17600000000000002,4444,100,828,878,100
873,keep_knowledge,0.16399999999999995,5555,100,828,878,100
874,keep_knowledge,0.034,6666,100,828,878,100
875,keep_knowledge,0.18400000000000005,7777,100,828,878,100
876,keep_knowledge,0.17600000000000002,8888,100,828,878,100
877,keep_knowledge,0.18400000000000005,9999,100,828,878,100
878,keep_knowledge,0.04400000000000001,12345,100,828,878,100
879,keep_knowledge,0.18800000000000008,67890,100,828,878,100
880,clear_knowledge,0.17,1111,100,828,878,100
881,clear_knowledge,0.18400000000000005,2222,100,828,878,100
882,clear_knowledge,0.17600000000000002,4444,100,828,878,100
883,clear_knowledge,0.176,5555,100,828,878,100
884,clear_knowledge,0.036000000000000004,6666,100,828,878,100
885,clear_knowledge,0.18000000000000005,7777,100,828,878,100
886,clear_knowledge,0.17600000000000002,8888,100,828,878,100
887,clear_knowledge,0.18400000000000005,9999,100,828,878,100
888,clear_knowledge,0.04200000000000001,12345,100,828,878,100
889,clear_knowledge,0.18800000000000008,67890,100,828,878,100
890,xxx,0.16799999999999998,1111,100,828,878,100
891,xxx,0.18400000000000005,2222,100,828,878,100
892,xxx,0.17600000000000002,4444,100,828,878,100
893,xxx,0.16399999999999995,5555,100,828,878,100
894,xxx,0.034,6666,100,828,878,100
895,xxx,0.18400000000000005,7777,100,828,878,100
896,xxx,0.17600000000000002,8888,100,828,878,100
897,xxx,0.18400000000000005,9999,100,828,878,100
898,xxx,0.034,12345,100,828,878,100
899,xxx,0.18800000000000008,67890,100,828,878,100
